Tipo,X,Y,Z
v,-0.261625,-0.800247,0.502510
v,-0.271474,-0.786273,0.521282
v,-0.272383,-0.781526,0.523011
v,-0.271806,-0.775848,0.521911
v,-0.110362,-0.800247,0.555979
v,-0.114491,-0.786273,0.576771
v,-0.114871,-0.781526,0.578688
v,-0.114628,-0.775848,0.577469
v,0.055837,-0.800247,0.564036
v,0.057917,-0.786273,0.585134
v,0.058110,-0.781526,0.587077
v,0.057987,-0.775848,0.585842
v,0.213300,-0.800247,0.524954
v,0.221333,-0.786273,0.544571
v,0.222074,-0.781526,0.546380
v,0.221603,-0.775848,0.545230
v,0.349800,-0.800247,0.445066
v,0.362961,-0.786273,0.461683
v,0.364174,-0.781526,0.463215
v,0.363404,-0.775848,0.462242
v,0.458328,-0.800247,0.331394
v,0.475537,-0.786273,0.343770
v,0.477123,-0.781526,0.344910
v,0.476115,-0.775848,0.344185
v,0.531903,-0.800247,0.190909
v,0.551883,-0.786273,0.197997
v,0.553724,-0.781526,0.198650
v,0.552553,-0.775850,0.198235
v,0.563500,-0.800247,0.030645
v,0.584675,-0.786273,0.031687
v,0.586625,-0.781526,0.031784
v,0.585385,-0.775850,0.031722
v,0.547449,-0.800247,-0.134303
v,0.568017,-0.786273,-0.139436
v,0.569912,-0.781526,-0.139909
v,0.568707,-0.775850,-0.139609
v,0.487082,-0.800247,-0.282171
v,0.505370,-0.786273,-0.292890
v,0.507056,-0.781525,-0.293877
v,0.505984,-0.775850,-0.293250
v,0.389428,-0.800247,-0.405554
v,0.404068,-0.786273,-0.420884
v,0.405418,-0.781525,-0.422297
v,0.404559,-0.775850,-0.421399
v,-0.390596,-0.800247,0.409874
v,-0.405238,-0.786273,0.425201
v,-0.406587,-0.781526,0.426614
v,-0.405730,-0.775848,0.425717
v,-0.489567,-0.800247,0.283604
v,-0.507952,-0.786273,0.294155
v,-0.509646,-0.781526,0.295129
v,-0.508569,-0.775848,0.294510
v,-0.550274,-0.800247,0.128679
v,-0.570931,-0.786273,0.133445
v,-0.572835,-0.781526,0.133884
v,-0.571624,-0.775850,0.133605
v,-0.563520,-0.800247,-0.033021
v,-0.584676,-0.786273,-0.034368
v,-0.586625,-0.781526,-0.034492
v,-0.585385,-0.775850,-0.034413
v,-0.531402,-0.800247,-0.187885
v,-0.551352,-0.786273,-0.195049
v,-0.553191,-0.781525,-0.195709
v,-0.552022,-0.775850,-0.195290
v,-0.458336,-0.800247,-0.327027
v,-0.475561,-0.786273,-0.339384
v,-0.477147,-0.781525,-0.340523
v,-0.476139,-0.775850,-0.339799
v,-0.348702,-0.800247,-0.441611
v,-0.361799,-0.786272,-0.458282
v,-0.363006,-0.781525,-0.459818
v,-0.362239,-0.775850,-0.458841
v,-0.206918,-0.800247,-0.522730
v,-0.214667,-0.786272,-0.542464
v,-0.215382,-0.781525,-0.544282
v,-0.214928,-0.775850,-0.543125
v,-0.045480,-0.800247,-0.560192
v,-0.047184,-0.786272,-0.581322
v,-0.047342,-0.781525,-0.583270
v,-0.047241,-0.775850,-0.582031
v,0.113922,-0.800247,-0.550204
v,0.118240,-0.786272,-0.570957
v,0.118638,-0.781525,-0.572870
v,0.118386,-0.775850,-0.571654
v,0.262029,-0.800247,-0.497062
v,0.271883,-0.786272,-0.515831
v,0.272790,-0.781525,-0.517561
v,0.272214,-0.775850,-0.516461
v,-0.265502,-0.775850,0.509942
v,-0.258139,-0.775850,0.495911
v,-0.112005,-0.775850,0.564200
v,-0.108918,-0.775850,0.548658
v,0.056674,-0.775850,0.572377
v,0.055120,-0.775850,0.556609
v,0.216465,-0.775848,0.532718
v,0.210462,-0.775850,0.518053
v,0.355013,-0.775850,0.451624
v,0.345155,-0.775850,0.439220
v,0.465140,-0.775850,0.336272
v,0.452275,-0.775850,0.327021
v,0.539808,-0.775850,0.193705
v,0.524875,-0.775850,0.188407
v,0.571873,-0.775850,0.031067
v,0.556046,-0.775850,0.030287
v,0.555582,-0.775850,-0.136338
v,0.540208,-0.775850,-0.132502
v,0.494308,-0.775850,-0.286413
v,0.480653,-0.775850,-0.278378
v,0.395211,-0.775850,-0.411615
v,0.384268,-0.775850,-0.400156
v,-0.396385,-0.775850,0.415932
v,-0.385454,-0.775850,0.404464
v,-0.496832,-0.775850,0.287786
v,-0.483089,-0.775850,0.279898
v,-0.558445,-0.775850,0.130549
v,-0.543005,-0.775850,0.126988
v,-0.571887,-0.775850,-0.033540
v,-0.556074,-0.775850,-0.032534
v,-0.539293,-0.775850,-0.190704
v,-0.524380,-0.775850,-0.185348
v,-0.452261,-0.775850,-0.322688
v,-0.465134,-0.775850,-0.331926
v,-0.353877,-0.775850,-0.448211
v,-0.344087,-0.775850,-0.435750
v,-0.209992,-0.775850,-0.530530
v,-0.204199,-0.775850,-0.515780
v,-0.046150,-0.775850,-0.568549
v,-0.044876,-0.775850,-0.552756
v,0.115609,-0.775850,-0.558413
v,0.112382,-0.775850,-0.542900
v,0.258561,-0.775850,-0.490449
v,0.265926,-0.775850,-0.504478
v,0.345155,-0.710780,0.439220
v,0.210462,-0.710780,0.518053
v,0.055120,-0.710780,0.556609
v,-0.108918,-0.710780,0.548658
v,-0.258139,-0.710780,0.495911
v,-0.385454,-0.710780,0.404464
v,-0.483089,-0.710780,0.279898
v,-0.543005,-0.710780,0.126988
v,-0.556074,-0.710780,-0.032534
v,-0.524380,-0.710780,-0.185348
v,-0.452261,-0.710780,-0.322688
v,-0.344087,-0.710780,-0.435750
v,-0.204199,-0.710780,-0.515780
v,-0.044876,-0.710780,-0.552756
v,0.112382,-0.710780,-0.542900
v,0.258561,-0.710780,-0.490449
v,0.384268,-0.710780,-0.400156
v,0.480653,-0.710780,-0.278379
v,0.540208,-0.710780,-0.132502
v,0.556046,-0.710780,0.030287
v,0.524875,-0.710780,0.188407
v,0.452275,-0.710780,0.327021
v,0.463115,-0.710780,0.334815
v,0.465140,-0.723248,0.336272
v,0.539808,-0.723248,0.193705
v,0.571873,-0.723247,0.031067
v,0.555582,-0.723247,-0.136338
v,0.494323,-0.723247,-0.286390
v,0.395211,-0.723247,-0.411615
v,0.265926,-0.723247,-0.504479
v,0.115609,-0.723247,-0.558413
v,-0.046150,-0.723247,-0.568549
v,-0.209992,-0.723247,-0.530530
v,-0.353877,-0.723247,-0.448211
v,-0.465135,-0.723247,-0.331926
v,-0.539293,-0.723247,-0.190704
v,-0.571887,-0.723247,-0.033540
v,-0.558445,-0.723247,0.130549
v,-0.496832,-0.723248,0.287786
v,-0.396400,-0.723248,0.415921
v,-0.265502,-0.723248,0.509942
v,-0.112005,-0.723248,0.564200
v,0.056674,-0.723248,0.572377
v,0.216465,-0.723248,0.532718
v,0.354992,-0.723248,0.451641
v,0.353444,-0.710780,0.449686
v,0.215519,-0.710780,0.530409
v,0.056430,-0.710780,0.569895
v,-0.111518,-0.710780,0.561753
v,-0.264343,-0.710780,0.507734
v,-0.394676,-0.710780,0.414117
v,-0.494669,-0.710780,0.286544
v,-0.556015,-0.710780,0.129989
v,-0.569397,-0.710780,-0.033381
v,-0.536944,-0.710782,-0.189860
v,-0.463108,-0.710782,-0.330470
v,-0.352335,-0.710782,-0.446249
v,-0.209080,-0.710782,-0.528207
v,-0.045949,-0.710782,-0.566063
v,0.115101,-0.710782,-0.555971
v,0.264766,-0.710782,-0.502269
v,0.393489,-0.710782,-0.409810
v,0.492172,-0.710782,-0.285129
v,0.553162,-0.710782,-0.135734
v,0.569380,-0.710780,0.030945
v,0.537457,-0.710780,0.192871
v,0.000720,-0.800247,0.001175
v,0.000708,-0.775850,0.001192
v,0.314238,-0.777095,0.327834
v,0.314238,-0.777095,0.347834
v,0.355084,-0.736219,0.347834
v,0.355084,-0.736219,0.327834
v,0.355084,-0.677049,0.347834
v,0.355084,-0.677049,0.327834
v,0.243285,-0.777095,0.327834
v,0.243285,-0.677049,0.327834
v,0.223286,-0.677049,0.327834
v,0.223286,-0.777095,0.327834
v,0.233159,-0.677049,0.347834
v,-0.355232,-0.736219,0.347834
v,-0.355232,-0.736219,0.327834
v,-0.314385,-0.777095,0.327834
v,-0.314385,-0.777095,0.347834
v,-0.355232,-0.677049,0.347834
v,-0.355232,-0.677049,0.327834
v,-0.243432,-0.777095,0.327834
v,-0.243432,-0.677049,0.327834
v,-0.223431,-0.777095,0.327834
v,-0.223431,-0.677049,0.327834
v,-0.233307,-0.677049,0.347834
v,0.355084,-0.736219,-0.342804
v,0.355084,-0.736219,-0.322803
v,0.314238,-0.777094,-0.322805
v,0.314238,-0.777094,-0.342804
v,0.355084,-0.677049,-0.342804
v,0.355084,-0.677049,-0.322803
v,0.243285,-0.777094,-0.322805
v,0.243285,-0.677049,-0.322803
v,0.223286,-0.777094,-0.322805
v,0.223286,-0.677049,-0.322803
v,0.233159,-0.677049,-0.342804
v,-0.355232,-0.736219,-0.342804
v,-0.314385,-0.777094,-0.342804
v,-0.314385,-0.777094,-0.322805
v,-0.355232,-0.736219,-0.322803
v,-0.355232,-0.677049,-0.342804
v,-0.355232,-0.677049,-0.322803
v,-0.243432,-0.777094,-0.322805
v,-0.243432,-0.677049,-0.322803
v,-0.223431,-0.677049,-0.322803
v,-0.223431,-0.777094,-0.322805
v,-0.233307,-0.677049,-0.342804
v,-0.236903,-0.678231,0.295855
v,-0.293416,-0.678231,0.239342
v,-0.293416,-0.636231,0.239342
v,-0.236903,-0.636231,0.295855
v,0.293352,-0.678232,-0.234399
v,0.293352,-0.636231,-0.234399
v,0.236839,-0.678232,-0.290912
v,0.236839,-0.636231,-0.290912
v,-0.000032,-0.678230,-0.054040
v,0.056481,-0.678230,0.002471
v,0.056481,-0.636231,0.002471
v,-0.000032,-0.636231,-0.054040
v,-0.056544,-0.678230,0.002471
v,-0.000032,-0.678230,0.058984
v,-0.000032,-0.636231,0.058985
v,-0.056544,-0.636231,0.002471
v,0.236839,-0.636231,0.295855
v,0.236839,-0.678231,0.295855
v,0.293352,-0.678231,0.239342
v,0.293352,-0.636231,0.239342
v,-0.293416,-0.678232,-0.234399
v,-0.293416,-0.636231,-0.234399
v,-0.236903,-0.636231,-0.290912
v,-0.236903,-0.678232,-0.290911
v,-0.000032,-0.678230,0.002471
v,-0.000032,-0.636231,0.002471
v,-0.012406,-0.606411,0.105505
v,0.036739,-0.606411,0.099494
v,0.031397,-0.589203,0.085410
v,-0.010590,-0.589203,0.090551
v,-0.010939,-0.545226,0.093424
v,0.032423,-0.545226,0.088116
v,0.035759,-0.537328,0.096913
v,-0.012073,-0.537328,0.102763
v,0.036376,-0.521660,0.098537
v,-0.012282,-0.521660,0.104488
v,-0.010939,-0.504103,0.093424
v,0.032423,-0.504103,0.088116
v,0.030086,-0.476946,0.081954
v,-0.010144,-0.476946,0.086882
v,-0.010049,-0.324603,0.086094
v,0.029804,-0.324603,0.081212
v,0.026531,-0.307367,0.072582
v,-0.008936,-0.307367,0.076932
v,-0.010939,-0.150036,0.093424
v,0.032423,-0.150036,0.088116
v,-0.059031,-0.606411,0.087822
v,-0.059031,-0.636503,0.087822
v,-0.012406,-0.636503,0.105504
v,-0.050475,-0.589203,0.075425
v,-0.052118,-0.545226,0.077806
v,-0.052118,-0.551245,0.077806
v,-0.010939,-0.551245,0.093424
v,-0.057463,-0.537328,0.085550
v,-0.058450,-0.521660,0.086979
v,-0.010939,-0.510120,0.093424
v,-0.052118,-0.510120,0.077806
v,-0.052118,-0.504103,0.077806
v,-0.048375,-0.476946,0.072383
v,-0.013407,-0.442908,0.111929
v,-0.062615,-0.442910,0.093015
v,-0.013143,-0.387825,0.109748
v,-0.061366,-0.387841,0.091204
v,-0.012073,-0.333265,0.100944
v,-0.056319,-0.333262,0.083892
v,-0.047924,-0.324603,0.071730
v,-0.042681,-0.307367,0.064134
v,-0.009801,-0.289190,0.084050
v,-0.046754,-0.289190,0.070035
v,-0.010939,-0.283437,0.093424
v,-0.052118,-0.283437,0.077806
v,-0.052118,-0.276416,0.077806
v,-0.010939,-0.276416,0.093424
v,-0.011692,-0.272458,0.099629
v,-0.055669,-0.272458,0.082952
v,-0.011692,-0.264325,0.099629
v,-0.055669,-0.264325,0.082952
v,-0.052118,-0.260367,0.077806
v,-0.092098,-0.606411,0.050497
v,-0.092098,-0.636503,0.050497
v,-0.078760,-0.589203,0.043497
v,-0.081323,-0.545226,0.044841
v,-0.081323,-0.551245,0.044841
v,-0.089654,-0.537328,0.049214
v,-0.091192,-0.521660,0.050021
v,-0.081323,-0.510120,0.044841
v,-0.081323,-0.504103,0.044841
v,-0.075488,-0.476946,0.041780
v,-0.097685,-0.442910,0.053429
v,-0.095737,-0.387841,0.052406
v,-0.087870,-0.333262,0.048277
v,-0.074785,-0.324603,0.041410
v,-0.066612,-0.307367,0.037121
v,-0.072961,-0.289190,0.040453
v,-0.081323,-0.283437,0.044841
v,-0.081323,-0.276416,0.044841
v,-0.086859,-0.272458,0.047747
v,-0.086859,-0.264325,0.047747
v,-0.081323,-0.150036,0.044841
v,-0.103995,-0.606411,0.002384
v,-0.103995,-0.636503,0.002384
v,-0.088932,-0.589203,0.002384
v,-0.091826,-0.545226,0.002384
v,-0.091826,-0.551245,0.002384
v,-0.101234,-0.537328,0.002384
v,-0.102972,-0.521660,0.002384
v,-0.091826,-0.510120,0.002384
v,-0.091826,-0.504103,0.002384
v,-0.085237,-0.476946,0.002384
v,-0.110342,-0.442910,0.002384
v,-0.108141,-0.387841,0.002384
v,-0.099257,-0.333262,0.002384
v,-0.084442,-0.324603,0.002384
v,-0.075212,-0.307367,0.002384
v,-0.082383,-0.289190,0.002384
v,-0.091826,-0.283437,0.002384
v,-0.091826,-0.276416,0.002384
v,-0.098077,-0.272458,0.002384
v,-0.098077,-0.264325,0.002384
v,-0.091826,-0.260367,0.002384
v,-0.000961,-0.636503,0.005665
v,0.038976,-0.442910,0.105393
v,0.030279,-0.567124,0.082464
v,-0.010210,-0.567124,0.087424
v,-0.048685,-0.567124,0.072832
v,-0.075971,-0.567124,0.042032
v,-0.085782,-0.567124,0.002384
v,-0.012406,-0.606411,-0.100736
v,-0.010590,-0.589203,-0.085783
v,0.031397,-0.589203,-0.080642
v,0.036739,-0.606411,-0.094726
v,-0.010210,-0.567124,-0.082655
v,-0.010939,-0.551245,-0.088655
v,0.032423,-0.551245,-0.083347
v,0.030279,-0.567124,-0.077695
v,-0.010939,-0.510122,-0.088655
v,0.032423,-0.504103,-0.083347
v,0.032423,-0.510120,-0.083347
v,-0.009801,-0.289190,-0.079281
v,-0.010939,-0.283437,-0.088655
v,0.032423,-0.283437,-0.083347
v,0.029074,-0.289190,-0.074517
v,-0.011692,-0.264325,-0.094860
v,-0.010939,-0.260367,-0.088655
v,0.032423,-0.260367,-0.083347
v,0.034639,-0.264325,-0.089191
v,-0.081323,-0.150036,-0.040073
v,-0.012406,-0.636503,-0.100736
v,-0.059031,-0.636503,-0.083054
v,-0.059031,-0.606411,-0.083054
v,-0.050475,-0.589203,-0.070657
v,-0.010939,-0.545226,-0.088655
v,-0.052118,-0.551245,-0.073038
v,-0.052118,-0.545226,-0.073038
v,-0.057463,-0.537328,-0.080782
v,-0.012073,-0.537328,-0.097995
v,-0.058450,-0.521660,-0.082211
v,-0.012282,-0.521660,-0.099720
v,-0.052118,-0.510120,-0.073038
v,-0.052118,-0.504103,-0.073038
v,-0.048375,-0.476946,-0.067615
v,-0.010144,-0.476946,-0.082114
v,-0.062615,-0.442910,-0.088246
v,-0.013407,-0.442908,-0.107161
v,-0.061366,-0.387841,-0.086435
v,-0.013143,-0.387825,-0.104979
v,-0.056319,-0.333262,-0.079123
v,-0.012073,-0.333265,-0.096176
v,-0.047924,-0.324603,-0.066961
v,-0.010049,-0.324603,-0.081326
v,-0.042681,-0.307367,-0.059366
v,-0.008936,-0.307367,-0.072163
v,-0.046754,-0.289190,-0.065266
v,-0.052118,-0.283437,-0.073038
v,-0.010939,-0.276415,-0.088655
v,-0.052118,-0.276415,-0.073038
v,-0.055669,-0.272458,-0.078183
v,-0.011692,-0.272458,-0.094860
v,-0.055669,-0.264325,-0.078183
v,-0.052118,-0.260367,-0.073038
v,-0.092098,-0.636503,-0.045728
v,-0.092098,-0.606411,-0.045727
v,-0.078760,-0.589203,-0.038728
v,-0.081323,-0.551245,-0.040073
v,-0.081323,-0.545226,-0.040073
v,-0.089654,-0.537328,-0.044445
v,-0.091192,-0.521660,-0.045252
v,-0.081323,-0.510120,-0.040073
v,-0.081323,-0.504103,-0.040073
v,-0.075488,-0.476946,-0.037011
v,-0.097685,-0.442910,-0.048661
v,-0.095737,-0.387841,-0.047638
v,-0.087870,-0.333262,-0.043509
v,-0.074785,-0.324603,-0.036642
v,-0.066612,-0.307367,-0.032353
v,-0.072961,-0.289190,-0.035684
v,-0.081323,-0.283437,-0.040073
v,-0.081323,-0.276416,-0.040073
v,-0.086859,-0.272458,-0.042978
v,-0.086859,-0.264325,-0.042978
v,-0.081323,-0.260367,-0.040073
v,0.036739,-0.636503,-0.094726
v,0.034639,-0.272458,-0.089191
v,0.032423,-0.276415,-0.083347
v,-0.048685,-0.567124,-0.068063
v,-0.075971,-0.567124,-0.037264
v,0.026531,-0.307367,-0.067813
v,0.036739,-0.636503,0.099494
v,0.032423,-0.551245,0.088116
v,0.032423,-0.510120,0.088116
v,0.029074,-0.289190,0.079286
v,0.032423,-0.283437,0.088116
v,0.032423,-0.276416,0.088116
v,0.034639,-0.272458,0.093960
v,0.034639,-0.264325,0.093960
v,0.032423,-0.260367,0.088116
v,0.038195,-0.387841,0.103336
v,0.035045,-0.333262,0.095029
v,0.077777,-0.636503,0.071167
v,0.077777,-0.606411,0.071167
v,0.066502,-0.589203,0.061178
v,0.068668,-0.551245,0.063097
v,0.068668,-0.545226,0.063097
v,0.075710,-0.537328,0.069336
v,0.077011,-0.521660,0.070489
v,0.068668,-0.510120,0.063097
v,0.068668,-0.504103,0.063097
v,0.063735,-0.476946,0.058728
v,0.082500,-0.442910,0.075351
v,0.080853,-0.387841,0.073891
v,0.074202,-0.333262,0.068000
v,0.063141,-0.324603,0.058201
v,0.056232,-0.307367,0.052081
v,0.061600,-0.289190,0.056835
v,0.068668,-0.283437,0.063097
v,0.068668,-0.276416,0.063097
v,0.073348,-0.272458,0.067243
v,0.073348,-0.264325,0.067243
v,0.068668,-0.150036,0.063097
v,0.100950,-0.636503,0.027013
v,0.100950,-0.606411,0.027013
v,0.086325,-0.589203,0.023408
v,0.089136,-0.551245,0.024101
v,0.089136,-0.545226,0.024101
v,0.098270,-0.537328,0.026353
v,0.099957,-0.521660,0.026768
v,0.089136,-0.510120,0.024101
v,0.089136,-0.504103,0.024101
v,0.082737,-0.476946,0.022524
v,0.107077,-0.442910,0.028523
v,0.104941,-0.387841,0.027996
v,0.096314,-0.333262,0.025870
v,0.081966,-0.324603,0.022333
v,0.073005,-0.307367,0.020125
v,0.079967,-0.289190,0.021841
v,0.089136,-0.283437,0.024101
v,0.089136,-0.276416,0.024101
v,0.095204,-0.272458,0.025596
v,0.095204,-0.264325,0.025596
v,0.089136,-0.260367,0.024101
v,0.089136,-0.150036,0.024101
v,0.100950,-0.606411,-0.022245
v,0.086325,-0.589203,-0.018639
v,0.089136,-0.551245,-0.019332
v,0.089136,-0.545226,-0.019332
v,0.098270,-0.537328,-0.021583
v,0.099957,-0.521660,-0.022000
v,0.089136,-0.510120,-0.019332
v,0.089136,-0.504103,-0.019332
v,0.081966,-0.324603,-0.017565
v,0.073005,-0.307367,-0.015357
v,0.095204,-0.272458,-0.020827
v,0.095204,-0.264325,-0.020827
v,0.064144,-0.567124,0.059089
v,0.083266,-0.567124,0.022653
v,0.083266,-0.567124,-0.017885
v,0.035759,-0.537328,-0.092144
v,0.032423,-0.545226,-0.083347
v,0.036376,-0.521660,-0.093768
v,0.030086,-0.476946,-0.077186
v,0.029804,-0.324603,-0.076444
v,-0.000027,-0.150034,0.002383
v,0.038195,-0.387841,-0.098568
v,0.038976,-0.442910,-0.100625
v,0.035045,-0.333262,-0.090260
v,0.077777,-0.606411,-0.066398
v,0.077777,-0.636503,-0.066398
v,0.066502,-0.589203,-0.056410
v,0.068668,-0.545226,-0.058328
v,0.068668,-0.551245,-0.058328
v,0.075710,-0.537328,-0.064568
v,0.077011,-0.521660,-0.065720
v,0.068668,-0.510120,-0.058328
v,0.068668,-0.504103,-0.058328
v,0.063735,-0.476946,-0.053960
v,0.082500,-0.442910,-0.070582
v,0.080853,-0.387841,-0.069123
v,0.074202,-0.333262,-0.063231
v,0.063141,-0.324603,-0.053433
v,0.056232,-0.307367,-0.047311
v,0.061600,-0.289190,-0.052066
v,0.068668,-0.283437,-0.058328
v,0.068668,-0.276416,-0.058328
v,0.073348,-0.272458,-0.062473
v,0.073348,-0.264325,-0.062473
v,0.100950,-0.636503,-0.022245
v,0.082737,-0.476946,-0.017755
v,0.107077,-0.442910,-0.023754
v,0.104941,-0.387841,-0.023228
v,0.096314,-0.333262,-0.021101
v,0.079967,-0.289190,-0.017073
v,0.089136,-0.283437,-0.019332
v,0.089136,-0.276416,-0.019332
v,0.089136,-0.260367,-0.019332
v,0.089136,-0.150036,-0.019332
v,0.064144,-0.567124,-0.054321
v,-0.081323,-0.260367,0.044841
v,-0.091826,-0.150036,0.002384
v,-0.052118,-0.150036,-0.073038
v,0.032423,-0.150036,-0.083347
v,-0.010939,-0.150036,-0.088655
v,0.068668,-0.260367,-0.058328
v,0.068668,-0.150036,-0.058328
v,0.068668,-0.260367,0.063097
v,-0.010939,-0.260367,0.093424
v,-0.052118,-0.150036,0.077806
v,-0.010845,-0.504103,-0.088643
v,-0.029383,-0.001844,-0.370580
v,-0.029670,-0.000180,-0.445730
v,-0.020296,-0.000176,-0.446543
v,-0.012692,-0.000167,-0.448156
v,-0.011811,-0.000161,-0.449188
v,0.006978,-0.000161,-0.449188
v,0.007848,-0.000167,-0.448154
v,0.015462,-0.000176,-0.446543
v,0.024835,-0.000180,-0.445730
v,-0.029670,-0.023143,-0.449819
v,-0.020296,-0.023227,-0.450633
v,-0.012692,-0.023424,-0.452247
v,-0.011811,-0.023550,-0.453278
v,0.006978,-0.023550,-0.453278
v,0.007848,-0.023424,-0.452244
v,0.015462,-0.023227,-0.450633
v,0.024835,-0.023143,-0.449819
v,-0.029670,-0.028580,-0.450128
v,-0.020296,-0.028870,-0.450892
v,-0.012692,-0.029447,-0.452413
v,-0.011811,-0.029814,-0.453384
v,0.006978,-0.029814,-0.453384
v,0.007848,-0.029446,-0.452410
v,0.015462,-0.028870,-0.450892
v,0.024835,-0.028580,-0.450128
v,-0.029670,-0.035844,-0.447847
v,-0.020296,-0.036380,-0.448466
v,-0.012692,-0.037445,-0.449695
v,-0.011811,-0.038125,-0.450480
v,0.006978,-0.038125,-0.450480
v,0.007848,-0.037442,-0.449692
v,0.015462,-0.036380,-0.448466
v,0.024835,-0.035844,-0.447847
v,-0.029670,-0.041688,-0.442378
v,-0.020296,-0.042412,-0.442761
v,-0.012692,-0.043850,-0.443520
v,-0.011811,-0.044768,-0.444006
v,0.006978,-0.044768,-0.444006
v,0.007848,-0.043846,-0.443520
v,0.015462,-0.042412,-0.442761
v,0.024835,-0.041688,-0.442378
v,-0.029670,-0.044492,-0.434375
v,-0.020296,-0.045305,-0.434459
v,-0.012692,-0.046919,-0.434624
v,-0.011811,-0.047953,-0.434729
v,0.006978,-0.047953,-0.434729
v,0.007848,-0.046917,-0.434623
v,0.015462,-0.045305,-0.434459
v,0.024835,-0.044492,-0.434375
v,0.024549,-0.001844,-0.370580
v,-0.020296,-0.054577,-0.395604
v,-0.012692,-0.056186,-0.395967
v,-0.011811,-0.057214,-0.396200
v,0.006978,-0.057214,-0.396200
v,0.007848,-0.056182,-0.395967
v,0.015462,-0.054577,-0.395604
v,0.024835,-0.053785,-0.395378
v,0.024549,-0.014430,-0.344144
v,-0.029383,-0.014430,-0.344144
v,-0.020296,-0.058910,-0.366002
v,-0.012692,-0.060467,-0.366469
v,-0.011811,-0.061461,-0.366767
v,0.006978,-0.061461,-0.366767
v,0.007848,-0.060463,-0.366467
v,0.015462,-0.058910,-0.366002
v,0.024835,-0.058139,-0.365735
v,0.024549,-0.041943,-0.309201
v,-0.029383,-0.041943,-0.309201
v,-0.020296,-0.073379,-0.337928
v,-0.012692,-0.074643,-0.338951
v,-0.011811,-0.075450,-0.339606
v,0.006978,-0.075450,-0.339606
v,0.007848,-0.074640,-0.338950
v,0.015462,-0.073379,-0.337928
v,0.024835,-0.072751,-0.337405
v,0.024549,-0.109665,-0.237528
v,-0.029383,-0.109665,-0.237528
v,-0.020296,-0.145122,-0.277740
v,-0.012692,-0.146120,-0.279021
v,-0.011811,-0.146756,-0.279838
v,0.006978,-0.146756,-0.279838
v,0.007848,-0.146117,-0.279018
v,0.015462,-0.145122,-0.277740
v,0.024836,-0.144610,-0.277104
v,0.024549,-0.131778,-0.206798
v,-0.029383,-0.131778,-0.206798
v,-0.020296,-0.189812,-0.235565
v,-0.012692,-0.191040,-0.236629
v,-0.011811,-0.191823,-0.237307
v,0.006978,-0.191823,-0.237307
v,0.007848,-0.191037,-0.236626
v,0.015462,-0.189812,-0.235565
v,0.024836,-0.189167,-0.235073
v,0.024549,-0.149725,-0.168328
v,-0.029383,-0.149725,-0.168328
v,-0.020296,-0.222932,-0.187635
v,-0.012692,-0.224370,-0.188389
v,-0.011811,-0.225289,-0.188873
v,0.006978,-0.225289,-0.188873
v,0.007848,-0.224368,-0.188389
v,0.015462,-0.222932,-0.187635
v,0.024836,-0.222191,-0.187297
v,0.024549,-0.159721,-0.128854
v,-0.029383,-0.159721,-0.128854
v,-0.020296,-0.242693,-0.135440
v,-0.012692,-0.244272,-0.135826
v,-0.011811,-0.245279,-0.136072
v,0.006978,-0.245279,-0.136072
v,0.007848,-0.244268,-0.135825
v,0.015462,-0.242693,-0.135440
v,0.024836,-0.241894,-0.135279
v,0.024549,-0.161679,-0.071203
v,-0.029383,-0.161679,-0.071203
v,-0.020296,-0.249829,-0.071315
v,-0.012692,-0.251451,-0.071330
v,-0.011811,-0.252488,-0.071338
v,0.006978,-0.252488,-0.071338
v,0.007848,-0.251447,-0.071330
v,0.015462,-0.249829,-0.071315
v,0.024836,-0.249011,-0.071310
v,-0.029668,-0.249011,-0.071310
v,-0.029670,-0.053785,-0.395378
v,-0.029670,-0.058139,-0.365735
v,-0.029670,-0.072751,-0.337405
v,-0.029670,-0.144610,-0.277104
v,-0.029670,-0.189167,-0.235073
v,-0.029670,-0.222191,-0.187297
v,-0.029668,-0.241894,-0.135279
v,-0.375814,-0.001844,0.033536
v,-0.450964,-0.000180,0.033823
v,-0.451778,-0.000176,0.024449
v,-0.453390,-0.000167,0.016845
v,-0.454422,-0.000161,0.015964
v,-0.454422,-0.000161,-0.002825
v,-0.453388,-0.000167,-0.003695
v,-0.451778,-0.000176,-0.011309
v,-0.450964,-0.000180,-0.020682
v,-0.455054,-0.023143,0.033823
v,-0.455867,-0.023227,0.024449
v,-0.457481,-0.023425,0.016845
v,-0.458512,-0.023550,0.015964
v,-0.458512,-0.023550,-0.002825
v,-0.457479,-0.023425,-0.003695
v,-0.455867,-0.023227,-0.011309
v,-0.455054,-0.023143,-0.020682
v,-0.455362,-0.028581,0.033823
v,-0.456127,-0.028870,0.024449
v,-0.457647,-0.029447,0.016845
v,-0.458618,-0.029814,0.015964
v,-0.458618,-0.029814,-0.002825
v,-0.457644,-0.029446,-0.003695
v,-0.456127,-0.028870,-0.011309
v,-0.455362,-0.028581,-0.020682
v,-0.453081,-0.035844,0.033823
v,-0.453700,-0.036380,0.024449
v,-0.454929,-0.037445,0.016845
v,-0.455714,-0.038125,0.015964
v,-0.455714,-0.038125,-0.002825
v,-0.454925,-0.037442,-0.003695
v,-0.453700,-0.036380,-0.011309
v,-0.453081,-0.035844,-0.020682
v,-0.447613,-0.041688,0.033823
v,-0.447995,-0.042412,0.024449
v,-0.448754,-0.043850,0.016845
v,-0.449240,-0.044768,0.015964
v,-0.449240,-0.044768,-0.002825
v,-0.448754,-0.043846,-0.003695
v,-0.447995,-0.042412,-0.011309
v,-0.447613,-0.041688,-0.020682
v,-0.439610,-0.044492,0.033823
v,-0.439693,-0.045304,0.024449
v,-0.439857,-0.046919,0.016845
v,-0.439961,-0.047951,0.015964
v,-0.439961,-0.047951,-0.002825
v,-0.439857,-0.046917,-0.003695
v,-0.439693,-0.045304,-0.011309
v,-0.439610,-0.044492,-0.020682
v,-0.375814,-0.001844,-0.020396
v,-0.400837,-0.054577,0.024449
v,-0.401201,-0.056186,0.016845
v,-0.401434,-0.057214,0.015964
v,-0.401434,-0.057214,-0.002825
v,-0.401201,-0.056182,-0.003695
v,-0.400837,-0.054577,-0.011309
v,-0.400612,-0.053785,-0.020682
v,-0.349378,-0.014430,-0.020396
v,-0.349378,-0.014430,0.033536
v,-0.371237,-0.058910,0.024449
v,-0.371704,-0.060468,0.016845
v,-0.372001,-0.061461,0.015964
v,-0.372001,-0.061461,-0.002825
v,-0.371701,-0.060464,-0.003695
v,-0.371237,-0.058910,-0.011309
v,-0.370969,-0.058139,-0.020682
v,-0.314435,-0.041943,-0.020396
v,-0.314435,-0.041943,0.033536
v,-0.343163,-0.073379,0.024449
v,-0.344185,-0.074643,0.016845
v,-0.344840,-0.075450,0.015964
v,-0.344840,-0.075450,-0.002825
v,-0.344184,-0.074640,-0.003695
v,-0.343163,-0.073379,-0.011309
v,-0.342639,-0.072751,-0.020682
v,-0.242763,-0.109665,-0.020396
v,-0.242763,-0.109665,0.033536
v,-0.282974,-0.145122,0.024449
v,-0.284255,-0.146120,0.016845
v,-0.285073,-0.146756,0.015964
v,-0.285073,-0.146756,-0.002825
v,-0.284252,-0.146117,-0.003695
v,-0.282974,-0.145122,-0.011309
v,-0.282338,-0.144610,-0.020682
v,-0.212032,-0.131778,-0.020396
v,-0.212032,-0.131778,0.033536
v,-0.240799,-0.189812,0.024449
v,-0.241863,-0.191040,0.016845
v,-0.242542,-0.191823,0.015964
v,-0.242542,-0.191823,-0.002825
v,-0.241860,-0.191037,-0.003695
v,-0.240799,-0.189812,-0.011309
v,-0.240307,-0.189167,-0.020682
v,-0.173563,-0.149725,-0.020396
v,-0.173563,-0.149725,0.033536
v,-0.192869,-0.222932,0.024449
v,-0.193623,-0.224370,0.016845
v,-0.194106,-0.225289,0.015964
v,-0.194106,-0.225289,-0.002825
v,-0.193622,-0.224368,-0.003695
v,-0.192869,-0.222932,-0.011309
v,-0.192531,-0.222191,-0.020682
v,-0.134088,-0.159721,-0.020396
v,-0.134088,-0.159721,0.033536
v,-0.140674,-0.242693,0.024449
v,-0.141060,-0.244272,0.016845
v,-0.141307,-0.245279,0.015964
v,-0.141307,-0.245279,-0.002825
v,-0.141059,-0.244268,-0.003695
v,-0.140674,-0.242693,-0.011309
v,-0.140513,-0.241894,-0.020682
v,-0.076437,-0.161679,-0.020396
v,-0.076437,-0.161679,0.033536
v,-0.076550,-0.249829,0.024449
v,-0.076564,-0.251451,0.016845
v,-0.076572,-0.252488,0.015964
v,-0.076572,-0.252488,-0.002825
v,-0.076564,-0.251447,-0.003695
v,-0.076550,-0.249829,-0.011309
v,-0.076544,-0.249011,-0.020683
v,-0.076543,-0.249011,0.033823
v,-0.400612,-0.053785,0.033823
v,-0.370969,-0.058139,0.033823
v,-0.342639,-0.072751,0.033823
v,-0.282338,-0.144610,0.033823
v,-0.240307,-0.189167,0.033823
v,-0.192531,-0.222191,0.033823
v,-0.140513,-0.241894,0.033823
v,0.028301,-0.001844,0.379967
v,0.028588,-0.000180,0.455117
v,0.019216,-0.000176,0.455931
v,0.011611,-0.000167,0.457544
v,0.010730,-0.000161,0.458576
v,-0.008059,-0.000161,0.458576
v,-0.008929,-0.000167,0.457541
v,-0.016544,-0.000176,0.455931
v,-0.025916,-0.000180,0.455117
v,0.028588,-0.023143,0.459207
v,0.019216,-0.023228,0.460020
v,0.011611,-0.023425,0.461634
v,0.010730,-0.023550,0.462665
v,-0.008059,-0.023550,0.462665
v,-0.008929,-0.023425,0.461632
v,-0.016544,-0.023228,0.460020
v,-0.025916,-0.023143,0.459207
v,0.028588,-0.028581,0.459515
v,0.019216,-0.028870,0.460280
v,0.011611,-0.029446,0.461800
v,0.010730,-0.029814,0.462771
v,-0.008059,-0.029814,0.462771
v,-0.008929,-0.029446,0.461797
v,-0.016544,-0.028870,0.460280
v,-0.025916,-0.028581,0.459515
v,0.028588,-0.035844,0.457234
v,0.019216,-0.036380,0.457853
v,0.011611,-0.037445,0.459082
v,0.010730,-0.038125,0.459867
v,-0.008059,-0.038125,0.459867
v,-0.008929,-0.037442,0.459078
v,-0.016544,-0.036380,0.457853
v,-0.025916,-0.035844,0.457234
v,0.028588,-0.041688,0.451766
v,0.019216,-0.042412,0.452148
v,0.011611,-0.043849,0.452908
v,0.010730,-0.044768,0.453393
v,-0.008059,-0.044768,0.453393
v,-0.008929,-0.043846,0.452908
v,-0.016544,-0.042412,0.452148
v,-0.025916,-0.041688,0.451766
v,0.028588,-0.044492,0.443763
v,0.019216,-0.045304,0.443846
v,0.011611,-0.046919,0.444010
v,0.010730,-0.047951,0.444115
v,-0.008059,-0.047951,0.444115
v,-0.008929,-0.046917,0.444010
v,-0.016544,-0.045304,0.443846
v,-0.025916,-0.044492,0.443763
v,-0.025630,-0.001844,0.379967
v,0.019216,-0.054577,0.404990
v,0.011611,-0.056186,0.405354
v,0.010730,-0.057214,0.405587
v,-0.008059,-0.057214,0.405587
v,-0.008929,-0.056182,0.405354
v,-0.016544,-0.054577,0.404990
v,-0.025916,-0.053785,0.404766
v,-0.025630,-0.014431,0.353531
v,0.028301,-0.014431,0.353531
v,0.019216,-0.058910,0.375390
v,0.011611,-0.060468,0.375857
v,0.010730,-0.061461,0.376154
v,-0.008059,-0.061461,0.376154
v,-0.008929,-0.060464,0.375854
v,-0.016544,-0.058910,0.375390
v,-0.025916,-0.058139,0.375122
v,-0.025630,-0.041943,0.318588
v,0.028301,-0.041943,0.318588
v,0.019215,-0.073379,0.347316
v,0.011611,-0.074643,0.348338
v,0.010730,-0.075450,0.348993
v,-0.008059,-0.075450,0.348993
v,-0.008929,-0.074640,0.348337
v,-0.016544,-0.073379,0.347316
v,-0.025916,-0.072751,0.346792
v,-0.025630,-0.109665,0.246916
v,0.028301,-0.109665,0.246916
v,0.019215,-0.145122,0.287127
v,0.011611,-0.146120,0.288408
v,0.010730,-0.146756,0.289226
v,-0.008059,-0.146756,0.289226
v,-0.008929,-0.146117,0.288405
v,-0.016544,-0.145122,0.287127
v,-0.025916,-0.144610,0.286491
v,-0.025630,-0.131778,0.216185
v,0.028301,-0.131778,0.216185
v,0.019215,-0.189812,0.244952
v,0.011611,-0.191040,0.246016
v,0.010730,-0.191823,0.246695
v,-0.008059,-0.191823,0.246695
v,-0.008929,-0.191037,0.246013
v,-0.016544,-0.189812,0.244952
v,-0.025916,-0.189167,0.244460
v,-0.025630,-0.149724,0.177716
v,0.028301,-0.149724,0.177716
v,0.019215,-0.222932,0.197022
v,0.011611,-0.224370,0.197776
v,0.010730,-0.225289,0.198260
v,-0.008059,-0.225289,0.198260
v,-0.008929,-0.224368,0.197775
v,-0.016544,-0.222932,0.197022
v,-0.025916,-0.222191,0.196684
v,-0.025630,-0.159721,0.138241
v,0.028301,-0.159721,0.138241
v,0.019215,-0.242694,0.144827
v,0.011611,-0.244272,0.145213
v,0.010730,-0.245279,0.145460
v,-0.008059,-0.245279,0.145460
v,-0.008929,-0.244268,0.145212
v,-0.016544,-0.242694,0.144827
v,-0.025916,-0.241894,0.144666
v,-0.025630,-0.161679,0.080590
v,0.028301,-0.161679,0.080590
v,0.019215,-0.249829,0.080703
v,0.011611,-0.251451,0.080717
v,0.010730,-0.252488,0.080725
v,-0.008059,-0.252488,0.080725
v,-0.008929,-0.251447,0.080717
v,-0.016544,-0.249829,0.080703
v,-0.025916,-0.249011,0.080697
v,0.028588,-0.249011,0.080697
v,0.028588,-0.053785,0.404766
v,0.028588,-0.058139,0.375122
v,0.028588,-0.072751,0.346792
v,0.028588,-0.144610,0.286491
v,0.028588,-0.189167,0.244460
v,0.028588,-0.222191,0.196684
v,0.028588,-0.241894,0.144666
v,0.374733,-0.001844,-0.024148
v,0.449883,-0.000180,-0.024435
v,0.450697,-0.000176,-0.015062
v,0.452309,-0.000167,-0.007458
v,0.453341,-0.000161,-0.006577
v,0.453341,-0.000161,0.012212
v,0.452307,-0.000167,0.013083
v,0.450697,-0.000176,0.020697
v,0.449883,-0.000180,0.030069
v,0.453972,-0.023143,-0.024435
v,0.454786,-0.023227,-0.015062
v,0.456400,-0.023425,-0.007458
v,0.457431,-0.023550,-0.006577
v,0.457431,-0.023550,0.012212
v,0.456398,-0.023425,0.013082
v,0.454786,-0.023227,0.020697
v,0.453972,-0.023143,0.030069
v,0.454281,-0.028581,-0.024435
v,0.455045,-0.028870,-0.015062
v,0.456566,-0.029447,-0.007458
v,0.457537,-0.029814,-0.006577
v,0.457537,-0.029814,0.012212
v,0.456563,-0.029446,0.013082
v,0.455045,-0.028870,0.020697
v,0.454281,-0.028581,0.030069
v,0.452000,-0.035844,-0.024435
v,0.452619,-0.036380,-0.015062
v,0.453848,-0.037445,-0.007458
v,0.454633,-0.038125,-0.006577
v,0.454633,-0.038125,0.012212
v,0.453845,-0.037442,0.013082
v,0.452619,-0.036380,0.020697
v,0.452000,-0.035844,0.030069
v,0.446531,-0.041688,-0.024435
v,0.446914,-0.042412,-0.015062
v,0.447673,-0.043850,-0.007458
v,0.448159,-0.044768,-0.006577
v,0.448159,-0.044768,0.012212
v,0.447673,-0.043846,0.013082
v,0.446914,-0.042412,0.020697
v,0.446531,-0.041688,0.030069
v,0.438528,-0.044492,-0.024435
v,0.438612,-0.045304,-0.015062
v,0.438777,-0.046919,-0.007458
v,0.438880,-0.047951,-0.006577
v,0.438880,-0.047951,0.012212
v,0.438776,-0.046917,0.013082
v,0.438612,-0.045304,0.020697
v,0.438528,-0.044492,0.030069
v,0.374733,-0.001844,0.029783
v,0.399758,-0.054577,-0.015062
v,0.400120,-0.056186,-0.007458
v,0.400353,-0.057214,-0.006577
v,0.400353,-0.057214,0.012212
v,0.400120,-0.056182,0.013082
v,0.399758,-0.054577,0.020697
v,0.399531,-0.053785,0.030069
v,0.348297,-0.014430,0.029783
v,0.348297,-0.014430,-0.024148
v,0.370155,-0.058910,-0.015062
v,0.370622,-0.060468,-0.007458
v,0.370920,-0.061461,-0.006577
v,0.370920,-0.061461,0.012212
v,0.370620,-0.060464,0.013082
v,0.370155,-0.058910,0.020697
v,0.369888,-0.058139,0.030069
v,0.313354,-0.041943,0.029783
v,0.313354,-0.041943,-0.024148
v,0.342083,-0.073379,-0.015062
v,0.343104,-0.074643,-0.007458
v,0.343759,-0.075450,-0.006577
v,0.343759,-0.075450,0.012212
v,0.343103,-0.074640,0.013082
v,0.342083,-0.073379,0.020697
v,0.341558,-0.072751,0.030069
v,0.241681,-0.109665,0.029783
v,0.241681,-0.109665,-0.024148
v,0.281893,-0.145122,-0.015062
v,0.283174,-0.146120,-0.007458
v,0.283991,-0.146756,-0.006577
v,0.283991,-0.146756,0.012212
v,0.283171,-0.146117,0.013082
v,0.281893,-0.145122,0.020697
v,0.281257,-0.144610,0.030069
v,0.210951,-0.131778,0.029783
v,0.210951,-0.131778,-0.024148
v,0.239718,-0.189812,-0.015062
v,0.240782,-0.191040,-0.007458
v,0.241460,-0.191823,-0.006577
v,0.241460,-0.191823,0.012212
v,0.240779,-0.191037,0.013082
v,0.239718,-0.189812,0.020697
v,0.239226,-0.189167,0.030069
v,0.172481,-0.149725,0.029783
v,0.172481,-0.149725,-0.024148
v,0.191788,-0.222932,-0.015062
v,0.192542,-0.224370,-0.007458
v,0.193026,-0.225289,-0.006577
v,0.193026,-0.225289,0.012212
v,0.192542,-0.224368,0.013082
v,0.191788,-0.222932,0.020697
v,0.191450,-0.222191,0.030069
v,0.133007,-0.159721,0.029783
v,0.133007,-0.159721,-0.024148
v,0.139593,-0.242693,-0.015062
v,0.139979,-0.244272,-0.007458
v,0.140225,-0.245279,-0.006577
v,0.140225,-0.245279,0.012212
v,0.139979,-0.244268,0.013082
v,0.139593,-0.242693,0.020697
v,0.139432,-0.241894,0.030069
v,0.075356,-0.161679,0.029783
v,0.075356,-0.161679,-0.024148
v,0.075468,-0.249829,-0.015062
v,0.075483,-0.251451,-0.007458
v,0.075491,-0.252488,-0.006577
v,0.075491,-0.252488,0.012212
v,0.075483,-0.251447,0.013082
v,0.075468,-0.249829,0.020697
v,0.075463,-0.249011,0.030069
v,0.075463,-0.249011,-0.024435
v,0.399531,-0.053785,-0.024435
v,0.369888,-0.058139,-0.024435
v,0.341558,-0.072751,-0.024435
v,0.281257,-0.144610,-0.024435
v,0.239226,-0.189167,-0.024435
v,0.191450,-0.222191,-0.024435
v,0.139432,-0.241894,-0.024435
v,-0.524380,-0.710780,-0.185348
v,-0.524380,-0.775850,-0.185348
v,0.524875,-0.775850,0.188407
v,0.524875,-0.710780,0.188407
v,0.452275,-0.710780,0.327021
v,0.345155,-0.710780,0.439220
v,0.463115,-0.710780,0.334815
v,0.353444,-0.710780,0.449686
v,0.539808,-0.723248,0.193705
v,0.539808,-0.775850,0.193705
v,-0.539293,-0.775850,-0.190704
v,-0.539293,-0.723247,-0.190704
v,0.210462,-0.710780,0.518053
v,0.215519,-0.710780,0.530409
v,0.056430,-0.710780,0.569895
v,0.055120,-0.710780,0.556609
v,-0.108918,-0.710780,0.548658
v,-0.111518,-0.710780,0.561753
v,-0.258139,-0.710780,0.495911
v,-0.264343,-0.710780,0.507734
v,-0.385454,-0.710780,0.404464
v,-0.394676,-0.710780,0.414117
v,-0.483089,-0.710780,0.279898
v,-0.494669,-0.710780,0.286544
v,-0.556015,-0.710780,0.129989
v,-0.543005,-0.710780,0.126988
v,-0.556074,-0.710780,-0.032534
v,-0.569397,-0.710780,-0.033381
v,-0.536944,-0.710782,-0.189860
v,-0.524380,-0.710780,-0.185348
v,-0.536944,-0.710782,-0.189860
v,-0.536944,-0.710782,-0.189860
v,-0.524380,-0.710780,-0.185348
v,-0.452261,-0.710780,-0.322688
v,-0.463108,-0.710782,-0.330470
v,-0.344087,-0.710780,-0.435750
v,-0.352335,-0.710782,-0.446249
v,-0.209080,-0.710782,-0.528207
v,-0.204199,-0.710780,-0.515780
v,-0.044876,-0.710780,-0.552756
v,-0.045949,-0.710782,-0.566063
v,0.115101,-0.710782,-0.555971
v,0.112382,-0.710780,-0.542900
v,0.264766,-0.710782,-0.502269
v,0.258561,-0.710780,-0.490449
v,0.384268,-0.710780,-0.400156
v,0.393489,-0.710782,-0.409810
v,0.480653,-0.710780,-0.278379
v,0.492172,-0.710782,-0.285129
v,0.540208,-0.710780,-0.132502
v,0.553162,-0.710782,-0.135734
v,0.556046,-0.710780,0.030287
v,0.569380,-0.710780,0.030945
v,0.537457,-0.710780,0.192871
v,0.524875,-0.710780,0.188407
v,0.537457,-0.710780,0.192871
v,0.524875,-0.710780,0.188407
v,0.537457,-0.710780,0.192871
v,-0.114628,-0.775848,0.577469
v,0.056674,-0.775850,0.572377
v,-0.112005,-0.775850,0.564200
v,0.057987,-0.775848,0.585842
v,0.355013,-0.775850,0.451624
v,0.476115,-0.775848,0.344185
v,0.465140,-0.775850,0.336272
v,0.363404,-0.775848,0.462242
v,-0.265502,-0.775850,0.509942
v,-0.271806,-0.775848,0.521911
v,-0.585385,-0.775850,-0.034413
v,-0.558445,-0.775850,0.130549
v,-0.571887,-0.775850,-0.033540
v,-0.571624,-0.775850,0.133605
v,-0.539293,-0.775850,-0.190704
v,-0.476139,-0.775850,-0.339799
v,-0.552022,-0.775850,-0.195290
v,-0.465134,-0.775850,-0.331926
v,-0.214928,-0.775850,-0.543125
v,-0.046150,-0.775850,-0.568549
v,-0.047241,-0.775850,-0.582031
v,-0.209992,-0.775850,-0.530530
v,0.265926,-0.775850,-0.504478
v,0.272214,-0.775850,-0.516461
v,0.118386,-0.775850,-0.571654
v,0.115609,-0.775850,-0.558413
v,0.494308,-0.775850,-0.286413
v,0.404559,-0.775850,-0.421399
v,0.395211,-0.775850,-0.411615
v,0.505984,-0.775850,-0.293250
v,-0.390596,-0.800247,0.409874
v,-0.261625,-0.800247,0.502510
v,-0.110362,-0.800247,0.555979
v,0.055837,-0.800247,0.564036
v,0.213300,-0.800247,0.524954
v,0.349800,-0.800247,0.445066
v,0.458328,-0.800247,0.331394
v,0.531903,-0.800247,0.190909
v,0.563500,-0.800247,0.030645
v,0.547449,-0.800247,-0.134303
v,0.487082,-0.800247,-0.282171
v,0.389428,-0.800247,-0.405554
v,0.262029,-0.800247,-0.497062
v,0.113922,-0.800247,-0.550204
v,-0.045480,-0.800247,-0.560192
v,-0.206918,-0.800247,-0.522730
v,-0.348702,-0.800247,-0.441611
v,-0.458336,-0.800247,-0.327027
v,-0.531402,-0.800247,-0.187885
v,-0.563520,-0.800247,-0.033021
v,-0.550274,-0.800247,0.128679
v,-0.489567,-0.800247,0.283604
v,0.345155,-0.775850,0.439220
v,0.210462,-0.775850,0.518053
v,0.055120,-0.775850,0.556609
v,-0.108918,-0.775850,0.548658
v,-0.258139,-0.775850,0.495911
v,-0.385454,-0.775850,0.404464
v,-0.483089,-0.775850,0.279898
v,-0.543005,-0.775850,0.126988
v,-0.556074,-0.775850,-0.032534
v,-0.524380,-0.775850,-0.185348
v,-0.452261,-0.775850,-0.322688
v,-0.344087,-0.775850,-0.435750
v,-0.204199,-0.775850,-0.515780
v,-0.044876,-0.775850,-0.552756
v,0.112382,-0.775850,-0.542900
v,0.258561,-0.775850,-0.490449
v,0.384268,-0.775850,-0.400156
v,0.480653,-0.775850,-0.278378
v,0.540208,-0.775850,-0.132502
v,0.556046,-0.775850,0.030287
v,0.524875,-0.775850,0.188407
v,0.452275,-0.775850,0.327021
v,-0.405730,-0.775848,0.425717
v,-0.396385,-0.775850,0.415932
v,0.221603,-0.775848,0.545230
v,0.216465,-0.775848,0.532718
v,0.552553,-0.775850,0.198235
v,0.539808,-0.775850,0.193705
v,0.571873,-0.775850,0.031067
v,0.552553,-0.775850,0.198235
v,0.585385,-0.775850,0.031722
v,0.539808,-0.775850,0.193705
v,0.568707,-0.775850,-0.139609
v,0.555582,-0.775850,-0.136338
v,-0.353877,-0.775850,-0.448211
v,-0.362239,-0.775850,-0.458841
v,-0.539293,-0.775850,-0.190704
v,-0.552022,-0.775850,-0.195290
v,-0.496832,-0.775850,0.287786
v,-0.508569,-0.775848,0.294510
v,0.314238,-0.777095,0.327834
v,0.355084,-0.677049,0.347834
v,0.355084,-0.736219,0.347834
v,0.243285,-0.677049,0.327834
v,0.233159,-0.677049,0.347834
v,0.355084,-0.677049,0.347834
v,0.355084,-0.677049,0.327834
v,0.314238,-0.777095,0.347834
v,0.355084,-0.736219,0.327834
v,0.355084,-0.677049,0.327834
v,-0.314385,-0.777095,0.327834
v,0.223286,-0.677049,0.327834
v,-0.355232,-0.677049,0.347834
v,-0.355232,-0.736219,0.347834
v,-0.243432,-0.677049,0.327834
v,-0.233307,-0.677049,0.347834
v,-0.223431,-0.677049,0.327834
v,-0.314385,-0.777095,0.347834
v,-0.355232,-0.677049,0.347834
v,-0.355232,-0.677049,0.327834
v,-0.355232,-0.736219,0.327834
v,-0.355232,-0.677049,0.327834
v,0.243285,-0.677049,0.327834
v,0.223286,-0.677049,0.327834
v,0.314238,-0.777094,-0.322805
v,0.243285,-0.677049,-0.322803
v,0.355084,-0.677049,-0.342804
v,0.355084,-0.736219,-0.342804
v,0.243285,-0.677049,-0.322803
v,0.233159,-0.677049,-0.342804
v,0.223286,-0.677049,-0.322803
v,0.355084,-0.677049,-0.342804
v,0.355084,-0.677049,-0.322803
v,0.314238,-0.777094,-0.342804
v,0.355084,-0.736219,-0.322803
v,0.355084,-0.677049,-0.322803
v,-0.314385,-0.777094,-0.322805
v,0.223286,-0.677049,-0.322803
v,-0.355232,-0.677049,-0.342804
v,-0.355232,-0.736219,-0.342804
v,-0.243432,-0.677049,-0.322803
v,-0.223431,-0.677049,-0.322803
v,-0.233307,-0.677049,-0.342804
v,-0.314385,-0.777094,-0.342804
v,-0.355232,-0.677049,-0.342804
v,-0.355232,-0.677049,-0.322803
v,-0.355232,-0.736219,-0.322803
v,-0.355232,-0.677049,-0.322803
v,0.223286,-0.677049,0.327834
v,0.223286,-0.777094,-0.322805
v,0.223286,-0.777095,0.327834
v,0.223286,-0.677049,-0.322803
v,0.243285,-0.777095,0.327834
v,0.243285,-0.677049,-0.322803
v,0.243285,-0.677049,0.327834
v,0.243285,-0.777094,-0.322805
v,-0.223431,-0.677049,0.327834
v,-0.223431,-0.777094,-0.322805
v,-0.223431,-0.677049,-0.322803
v,-0.223431,-0.777095,0.327834
v,-0.243432,-0.677049,0.327834
v,-0.243432,-0.777094,-0.322805
v,-0.243432,-0.777095,0.327834
v,-0.243432,-0.677049,-0.322803
v,-0.243432,-0.677049,0.327834
v,-0.223431,-0.677049,-0.322803
v,-0.243432,-0.677049,-0.322803
v,-0.223431,-0.677049,0.327834
v,0.293352,-0.636231,-0.234399
v,0.293352,-0.678232,-0.234399
v,0.236839,-0.678232,-0.290912
v,0.236839,-0.636231,-0.290912
v,-0.236903,-0.636231,0.295855
v,-0.236903,-0.678231,0.295855
v,-0.293416,-0.678231,0.239342
v,-0.293416,-0.636231,0.239342
v,-0.000032,-0.636231,0.058985
v,-0.000032,-0.678230,0.058984
v,0.056481,-0.678230,0.002471
v,0.056481,-0.636231,0.002471
v,0.293352,-0.636231,0.239342
v,0.236839,-0.678231,0.295855
v,0.293352,-0.678231,0.239342
v,0.236839,-0.636231,0.295855
v,-0.056544,-0.636231,0.002471
v,-0.056544,-0.678230,0.002471
v,-0.000032,-0.678230,-0.054040
v,-0.000032,-0.636231,-0.054040
v,-0.293416,-0.678232,-0.234399
v,-0.236903,-0.636231,-0.290912
v,-0.236903,-0.678232,-0.290911
v,-0.293416,-0.636231,-0.234399
v,0.236839,-0.636231,-0.290912
v,0.056481,-0.636231,0.002471
v,0.293352,-0.636231,-0.234399
v,-0.000032,-0.636231,-0.054040
v,-0.000032,-0.678230,-0.054040
v,-0.293416,-0.678232,-0.234399
v,-0.236903,-0.678232,-0.290911
v,-0.056544,-0.678230,0.002471
v,0.056481,-0.678230,0.002471
v,0.236839,-0.678232,-0.290912
v,0.293352,-0.678232,-0.234399
v,-0.236903,-0.678231,0.295855
v,-0.293416,-0.678231,0.239342
v,-0.000032,-0.678230,0.058984
v,0.293352,-0.678231,0.239342
v,0.236839,-0.678231,0.295855
v,-0.293416,-0.636231,-0.234399
v,-0.236903,-0.636231,-0.290912
v,-0.056544,-0.636231,0.002471
v,-0.000032,-0.636231,0.058985
v,0.236839,-0.636231,0.295855
v,0.293352,-0.636231,0.239342
v,-0.236903,-0.636231,0.295855
v,-0.293416,-0.636231,0.239342
v,-0.103995,-0.636503,0.002384
v,-0.092098,-0.636503,0.050497
v,-0.103995,-0.636503,0.002384
v,-0.103995,-0.606411,0.002384
v,-0.088932,-0.589203,0.002384
v,-0.091826,-0.545226,0.002384
v,-0.091826,-0.551245,0.002384
v,-0.101234,-0.537328,0.002384
v,-0.102972,-0.521660,0.002384
v,-0.091826,-0.510120,0.002384
v,-0.091826,-0.504103,0.002384
v,-0.085237,-0.476946,0.002384
v,-0.110342,-0.442910,0.002384
v,-0.108141,-0.387841,0.002384
v,-0.099257,-0.333262,0.002384
v,-0.084442,-0.324603,0.002384
v,-0.075212,-0.307367,0.002384
v,-0.082383,-0.289190,0.002384
v,-0.091826,-0.283437,0.002384
v,-0.091826,-0.276416,0.002384
v,-0.098077,-0.272458,0.002384
v,-0.098077,-0.264325,0.002384
v,-0.091826,-0.260367,0.002384
v,-0.012406,-0.636503,-0.100736
v,-0.085782,-0.567124,0.002384
v,0.036739,-0.636503,0.099494
v,0.077777,-0.636503,0.071167
v,0.036739,-0.636503,-0.094726
v,-0.012406,-0.636503,0.105504
v,0.100950,-0.636503,0.027013
v,0.100950,-0.636503,-0.022245
v,0.077777,-0.636503,-0.066398
v,-0.092098,-0.636503,-0.045728
v,-0.059031,-0.636503,0.087822
v,-0.059031,-0.636503,-0.083054
v,-0.052118,-0.150036,-0.073038
v,-0.081323,-0.150036,-0.040073
v,0.032423,-0.150036,-0.083347
v,0.068668,-0.150036,-0.058328
v,0.068668,-0.150036,0.063097
v,0.089136,-0.150036,0.024101
v,0.032423,-0.150036,0.088116
v,-0.052118,-0.150036,0.077806
v,-0.081323,-0.150036,0.044841
v,-0.091826,-0.150036,0.002384
v,-0.010939,-0.150036,-0.088655
v,0.089136,-0.150036,-0.019332
v,-0.010939,-0.150036,0.093424
v,-0.091826,-0.150036,0.002384
v,-0.029670,-0.000180,-0.445730
v,-0.029670,-0.023143,-0.449819
v,0.024835,-0.000180,-0.445730
v,0.024835,-0.023143,-0.449819
v,-0.029670,-0.028580,-0.450128
v,0.024835,-0.028580,-0.450128
v,-0.029670,-0.035844,-0.447847
v,0.024835,-0.035844,-0.447847
v,-0.029670,-0.041688,-0.442378
v,0.024835,-0.041688,-0.442378
v,-0.029670,-0.044492,-0.434375
v,0.024835,-0.044492,-0.434375
v,-0.029670,-0.053785,-0.395378
v,0.024835,-0.053785,-0.395378
v,-0.029383,-0.001844,-0.370580
v,0.024549,-0.001844,-0.370580
v,0.007848,-0.000167,-0.448154
v,-0.012692,-0.000167,-0.448156
v,0.024835,-0.058139,-0.365735
v,0.024549,-0.014430,-0.344144
v,-0.029383,-0.014430,-0.344144
v,-0.029670,-0.058139,-0.365735
v,0.024549,-0.041943,-0.309201
v,0.024835,-0.072751,-0.337405
v,-0.029670,-0.072751,-0.337405
v,-0.029383,-0.041943,-0.309201
v,0.024549,-0.109665,-0.237528
v,0.024836,-0.144610,-0.277104
v,-0.029670,-0.144610,-0.277104
v,-0.029383,-0.109665,-0.237528
v,0.024549,-0.131778,-0.206798
v,0.024836,-0.189167,-0.235073
v,-0.029670,-0.189167,-0.235073
v,-0.029383,-0.131778,-0.206798
v,0.024549,-0.149725,-0.168328
v,0.024836,-0.222191,-0.187297
v,-0.029670,-0.222191,-0.187297
v,-0.029383,-0.149725,-0.168328
v,0.024549,-0.159721,-0.128854
v,0.024836,-0.241894,-0.135279
v,-0.029668,-0.241894,-0.135279
v,-0.029383,-0.159721,-0.128854
v,0.024549,-0.161679,-0.071203
v,0.024836,-0.249011,-0.071310
v,-0.029668,-0.249011,-0.071310
v,-0.029383,-0.161679,-0.071203
v,-0.011811,-0.000161,-0.449188
v,0.006978,-0.000161,-0.449188
v,-0.020296,-0.000176,-0.446543
v,0.015462,-0.000176,-0.446543
v,0.024835,-0.000180,-0.445730
v,-0.029670,-0.000180,-0.445730
v,-0.450964,-0.000180,0.033823
v,-0.455054,-0.023143,0.033823
v,-0.450964,-0.000180,-0.020682
v,-0.455054,-0.023143,-0.020682
v,-0.455362,-0.028581,0.033823
v,-0.455362,-0.028581,-0.020682
v,-0.453081,-0.035844,0.033823
v,-0.453081,-0.035844,-0.020682
v,-0.447613,-0.041688,0.033823
v,-0.447613,-0.041688,-0.020682
v,-0.439610,-0.044492,0.033823
v,-0.439610,-0.044492,-0.020682
v,-0.400612,-0.053785,0.033823
v,-0.400612,-0.053785,-0.020682
v,-0.375814,-0.001844,0.033536
v,-0.375814,-0.001844,-0.020396
v,-0.453388,-0.000167,-0.003695
v,-0.453390,-0.000167,0.016845
v,-0.370969,-0.058139,-0.020682
v,-0.349378,-0.014430,-0.020396
v,-0.349378,-0.014430,0.033536
v,-0.370969,-0.058139,0.033823
v,-0.314435,-0.041943,-0.020396
v,-0.342639,-0.072751,-0.020682
v,-0.342639,-0.072751,0.033823
v,-0.314435,-0.041943,0.033536
v,-0.242763,-0.109665,-0.020396
v,-0.282338,-0.144610,-0.020682
v,-0.282338,-0.144610,0.033823
v,-0.242763,-0.109665,0.033536
v,-0.212032,-0.131778,-0.020396
v,-0.240307,-0.189167,-0.020682
v,-0.240307,-0.189167,0.033823
v,-0.212032,-0.131778,0.033536
v,-0.173563,-0.149725,-0.020396
v,-0.192531,-0.222191,-0.020682
v,-0.192531,-0.222191,0.033823
v,-0.173563,-0.149725,0.033536
v,-0.134088,-0.159721,-0.020396
v,-0.140513,-0.241894,-0.020682
v,-0.140513,-0.241894,0.033823
v,-0.134088,-0.159721,0.033536
v,-0.076437,-0.161679,-0.020396
v,-0.076544,-0.249011,-0.020683
v,-0.076543,-0.249011,0.033823
v,-0.076437,-0.161679,0.033536
v,-0.454422,-0.000161,0.015964
v,-0.454422,-0.000161,-0.002825
v,-0.451778,-0.000176,0.024449
v,-0.451778,-0.000176,-0.011309
v,-0.450964,-0.000180,-0.020682
v,-0.450964,-0.000180,0.033823
v,0.028588,-0.000180,0.455117
v,0.028588,-0.023143,0.459207
v,-0.025916,-0.000180,0.455117
v,-0.025916,-0.023143,0.459207
v,0.028588,-0.028581,0.459515
v,-0.025916,-0.028581,0.459515
v,0.028588,-0.035844,0.457234
v,-0.025916,-0.035844,0.457234
v,0.028588,-0.041688,0.451766
v,-0.025916,-0.041688,0.451766
v,0.028588,-0.044492,0.443763
v,-0.025916,-0.044492,0.443763
v,0.028588,-0.053785,0.404766
v,-0.025916,-0.053785,0.404766
v,0.028301,-0.001844,0.379967
v,-0.025630,-0.001844,0.379967
v,-0.008929,-0.000167,0.457541
v,0.011611,-0.000167,0.457544
v,-0.025916,-0.058139,0.375122
v,-0.025630,-0.014431,0.353531
v,0.028301,-0.014431,0.353531
v,0.028588,-0.058139,0.375122
v,-0.025630,-0.041943,0.318588
v,-0.025916,-0.072751,0.346792
v,0.028588,-0.072751,0.346792
v,0.028301,-0.041943,0.318588
v,-0.025630,-0.109665,0.246916
v,-0.025916,-0.144610,0.286491
v,0.028588,-0.144610,0.286491
v,0.028301,-0.109665,0.246916
v,-0.025630,-0.131778,0.216185
v,-0.025916,-0.189167,0.244460
v,0.028588,-0.189167,0.244460
v,0.028301,-0.131778,0.216185
v,-0.025630,-0.149724,0.177716
v,-0.025916,-0.222191,0.196684
v,0.028588,-0.222191,0.196684
v,0.028301,-0.149724,0.177716
v,-0.025630,-0.159721,0.138241
v,-0.025916,-0.241894,0.144666
v,0.028588,-0.241894,0.144666
v,0.028301,-0.159721,0.138241
v,-0.025630,-0.161679,0.080590
v,-0.025916,-0.249011,0.080697
v,0.028588,-0.249011,0.080697
v,0.028301,-0.161679,0.080590
v,0.010730,-0.000161,0.458576
v,-0.008059,-0.000161,0.458576
v,0.019216,-0.000176,0.455931
v,-0.016544,-0.000176,0.455931
v,-0.025916,-0.000180,0.455117
v,0.028588,-0.000180,0.455117
v,0.449883,-0.000180,-0.024435
v,0.453972,-0.023143,-0.024435
v,0.449883,-0.000180,0.030069
v,0.453972,-0.023143,0.030069
v,0.454281,-0.028581,-0.024435
v,0.454281,-0.028581,0.030069
v,0.452000,-0.035844,-0.024435
v,0.452000,-0.035844,0.030069
v,0.446531,-0.041688,-0.024435
v,0.446531,-0.041688,0.030069
v,0.438528,-0.044492,-0.024435
v,0.438528,-0.044492,0.030069
v,0.399531,-0.053785,-0.024435
v,0.399531,-0.053785,0.030069
v,0.374733,-0.001844,-0.024148
v,0.374733,-0.001844,0.029783
v,0.452307,-0.000167,0.013083
v,0.452309,-0.000167,-0.007458
v,0.369888,-0.058139,0.030069
v,0.348297,-0.014430,0.029783
v,0.348297,-0.014430,-0.024148
v,0.369888,-0.058139,-0.024435
v,0.313354,-0.041943,0.029783
v,0.341558,-0.072751,0.030069
v,0.341558,-0.072751,-0.024435
v,0.313354,-0.041943,-0.024148
v,0.241681,-0.109665,0.029783
v,0.281257,-0.144610,0.030069
v,0.281257,-0.144610,-0.024435
v,0.241681,-0.109665,-0.024148
v,0.210951,-0.131778,0.029783
v,0.239226,-0.189167,0.030069
v,0.239226,-0.189167,-0.024435
v,0.210951,-0.131778,-0.024148
v,0.172481,-0.149725,0.029783
v,0.191450,-0.222191,0.030069
v,0.191450,-0.222191,-0.024435
v,0.172481,-0.149725,-0.024148
v,0.133007,-0.159721,0.029783
v,0.139432,-0.241894,0.030069
v,0.139432,-0.241894,-0.024435
v,0.133007,-0.159721,-0.024148
v,0.075356,-0.161679,0.029783
v,0.075463,-0.249011,0.030069
v,0.075463,-0.249011,-0.024435
v,0.075356,-0.161679,-0.024148
v,0.453341,-0.000161,-0.006577
v,0.453341,-0.000161,0.012212
v,0.450697,-0.000176,-0.015062
v,0.450697,-0.000176,0.020697
v,0.449883,-0.000180,0.030069
v,0.449883,-0.000180,-0.024435
vt,0.720957,0.424277,1.145234
vt,0.663546,0.425663,1.089209
vt,0.719556,0.415858,1.135414
vt,0.664530,0.417199,1.081729
vt,0.663367,0.427183,1.09055
vt,0.721210,0.425782,1.146992
vt,0.663144,0.429060,1.092204
vt,0.721523,0.427645,1.149168
vt,0.610784,0.402955,1.013739
vt,0.607446,0.410792,1.018238
vt,0.606836,0.412193,1.019029
vt,0.606105,0.413921,1.020026
vt,0.556145,0.379338,0.935483
vt,0.561613,0.372797,0.93441
vt,0.555176,0.380500,0.935676
vt,0.553969,0.381945,0.935914
vt,0.524154,0.330852,0.855006
vt,0.517046,0.335561,0.852607
vt,0.515780,0.336395,0.852175
vt,0.514200,0.337453,0.851653
vt,0.492520,0.283857,0.776377
vt,0.500671,0.281324,0.7819951
vt,0.491060,0.284319,0.775379
vt,0.489257,0.284885,0.774142
vt,0.491790,0.227563,0.719353
vt,0.483267,0.227772,0.711039
vt,0.481733,0.227817,0.70955
vt,0.479840,0.227861,0.707701
vt,0.498168,0.172969,0.671137
vt,0.489928,0.170793,0.660721
vt,0.488453,0.170391,0.658844
vt,0.486635,0.169914,0.656549
vt,0.511876,0.115662,0.627538
vt,0.513157,0.116452,0.629609
vt,0.510267,0.114679,0.624946
vt,0.520429,0.120892,0.641321
vt,0.557247,0.076787,0.634034
vt,0.551570,0.070440,0.62201
vt,0.550557,0.069307,0.619864
vt,0.549305,0.067907,0.617212
vt,0.599758,0.038523,0.638281
vt,0.603408,0.046227,0.649635
vt,0.599102,0.037138,0.63624
vt,0.598283,0.035439,0.633722
vt,0.654099,0.021552,0.675651
vt,0.655485,0.029970,0.685455
vt,0.653846,0.020032,0.673878
vt,0.653533,0.018169,0.671702
vt,0.711018,0.018646,0.729664
vt,0.710840,0.020166,0.731006
vt,0.711227,0.016769,0.727996
vt,0.765926,0.034500,0.800426
vt,0.766522,0.033085,0.799607
vt,0.815604,0.064033,0.879637
vt,0.816557,0.062855,0.879412
vt,0.857459,0.107288,0.964747
vt,0.856192,0.108137,0.964329
vt,0.882044,0.161287,1.043331
vt,0.883489,0.160825,1.044314
vt,0.892981,0.217848,1.110829
vt,0.891461,0.217893,1.109354
vt,0.886410,0.274753,1.161163
vt,0.884920,0.274365,1.159285
vt,0.862927,0.327187,1.190114
vt,0.864238,0.327962,1.1922
vt,0.827017,0.373914,1.200931
vt,0.825989,0.372797,1.198786
vt,0.776282,0.406710,1.182992
vt,0.772557,0.399036,1.171593
vt,0.776937,0.408066,1.185003
vt,0.777772,0.409764,1.187536
vt,0.828284,0.375300,1.203584
vt,0.820208,0.366538,1.186746
vt,0.855596,0.322836,1.178432
vt,0.865847,0.328930,1.194777
vt,0.888228,0.275229,1.163457
vt,0.894873,0.217804,1.112677
vt,0.885277,0.160259,1.045536
vt,0.859008,0.106230,0.965238
vt,0.817749,0.061395,0.879144
vt,0.767252,0.031341,0.798593
vt,0.876665,0.272220,1.148885
vt,0.882923,0.218102,1.101025
vt,0.873923,0.163865,1.037788
vt,0.849159,0.112935,0.962094
vt,0.810254,0.070663,0.880917
vt,0.762648,0.042368,0.805016
vt,0.709856,0.028644,0.7385
vt,0.384419,0.463063,0.847482
vt,0.388531,0.516912,0.905443
vt,0.361994,0.464627,0.826621
vt,0.366166,0.519147,0.885313
vt,0.359073,0.408617,0.76769
vt,0.381469,0.407440,0.788909
vt,0.356168,0.351176,0.707344
vt,0.378608,0.350282,0.72889
vt,0.376641,0.295389,0.67203
vt,0.354186,0.295732,0.649918
vt,0.354126,0.240795,0.594921
vt,0.376581,0.241212,0.617793
vt,0.356004,0.185395,0.541399
vt,0.378429,0.186677,0.565106
vt,0.360355,0.128104,0.488459
vt,0.382705,0.130324,0.513029
vt,0.389261,0.075699,0.46496
vt,0.367000,0.072570,0.43957
vt,0.397501,0.022580,0.420081
vt,0.375374,0.019049,0.394423
vt,0.487737,0.620767,1.108504
vt,0.465670,0.624671,1.090341
vt,0.478708,0.568065,1.046773
vt,0.456506,0.571611,1.028117
vt,0.471362,0.514618,0.98598
vt,0.449101,0.517404,0.9665051
vt,0.443051,0.461319,0.90437
vt,0.465432,0.459278,0.92471
vt,0.461394,0.402836,0.86423
vt,0.438969,0.404177,0.843146
vt,0.458920,0.348271,0.807191
vt,0.436466,0.349031,0.785497
vt,0.457713,0.294406,0.752119
vt,0.435259,0.294630,0.729889
vt,0.457698,0.240810,0.698508
vt,0.435244,0.240407,0.675651
vt,0.436987,0.186036,0.623023
vt,0.459412,0.187213,0.646625
vt,0.440712,0.131009,0.571721
vt,0.463077,0.133036,0.596113
vt,0.469172,0.077115,0.546287
vt,0.446881,0.074195,0.521076
vt,0.454987,0.018840,0.473827
vt,0.477143,0.022178,0.499321
vt,0.394551,0.570017,0.964568
vt,0.402582,0.623315,1.025897
vt,0.372275,0.573057,0.945332
vt,0.380440,0.626772,1.007212
vt,0.366166,0.519147,0.885313
vt,0.372275,0.573057,0.945332
vt,0.361606,0.519788,0.881394
vt,0.367730,0.573936,0.941666
vt,0.361994,0.464627,0.826621
vt,0.357405,0.465104,0.8225091
vt,0.354588,0.408915,0.763503
vt,0.359073,0.408617,0.76769
vt,0.356168,0.351176,0.707344
vt,0.351608,0.351266,0.702874
vt,0.349582,0.295673,0.645255
vt,0.354186,0.295732,0.649918
vt,0.354126,0.240795,0.594921
vt,0.349522,0.240616,0.590138
vt,0.356004,0.185395,0.541399
vt,0.351415,0.185053,0.536468
vt,0.355795,0.127553,0.483348
vt,0.360355,0.128104,0.488459
vt,0.367000,0.072570,0.43957
vt,0.362471,0.071721,0.434192
vt,0.371068,0.017410,0.388478
vt,0.375374,0.019049,0.394423
vt,0.361606,0.519788,0.881394
vt,0.367730,0.573936,0.941666
vt,0.357226,0.520429,0.877655
vt,0.363394,0.574770,0.938164
vt,0.357405,0.465104,0.8225091
vt,0.353009,0.465581,0.81859
vt,0.334935,0.466952,0.801887
vt,0.350208,0.409198,0.759406
vt,0.332059,0.410181,0.74224
vt,0.347213,0.351340,0.698553
vt,0.329064,0.352011,0.681075
vt,0.326993,0.295792,0.622785
vt,0.345171,0.295613,0.640784
vt,0.339167,0.522366,0.861533
vt,0.354588,0.408915,0.763503
vt,0.351608,0.351266,0.702874
vt,0.349582,0.295673,0.645255
vt,0.349522,0.240616,0.590138
vt,0.345112,0.240422,0.585534
vt,0.351415,0.185053,0.536468
vt,0.347019,0.184710,0.531729
vt,0.328885,0.183593,0.512478
vt,0.351430,0.127001,0.478431
vt,0.333355,0.125154,0.458509
vt,0.340165,0.068354,0.408519
vt,0.358150,0.070931,0.429081
vt,0.348896,0.013446,0.362342
vt,0.366792,0.016381,0.383173
vt,0.326948,0.240005,0.566953
vt,0.355795,0.127553,0.483348
vt,0.362471,0.071721,0.434192
vt,0.371068,0.017410,0.388478
vt,0.371873,0.629499,1.001372
vt,0.353977,0.632419,0.986396
vt,0.345410,0.577363,0.922773
vt,0.376134,0.628426,1.00456
vt,0.420001,0.070216,0.490217
vt,0.428464,0.013431,0.441895
vt,0.446389,0.016203,0.462592
vt,0.438015,0.072630,0.510645
vt,0.431757,0.129996,0.561753
vt,0.413683,0.128283,0.541966
vt,0.428017,0.185395,0.613412
vt,0.409883,0.184397,0.59428
vt,0.436138,0.130503,0.566641
vt,0.432398,0.185723,0.618121
vt,0.426259,0.240080,0.666339
vt,0.430669,0.240243,0.670912
vt,0.426274,0.294615,0.720889
vt,0.408110,0.294764,0.702874
vt,0.408095,0.239692,0.647787
vt,0.409332,0.349954,0.759286
vt,0.427481,0.349329,0.77681
vt,0.429999,0.404817,0.834816
vt,0.411880,0.405935,0.8178149
vt,0.434067,0.462303,0.8963701
vt,0.415992,0.464016,0.880008
vt,0.422221,0.521129,0.94335
vt,0.440250,0.518790,0.95904
vt,0.429745,0.576454,1.006199
vt,0.447671,0.573504,1.021175
vt,0.439311,0.630855,1.070166
vt,0.457147,0.627577,1.084724
vt,0.451977,0.572580,1.024557
vt,0.461394,0.626415,1.087809
vt,0.444601,0.518104,0.962705
vt,0.438447,0.461811,0.900258
vt,0.434394,0.404489,0.838883
vt,0.431891,0.349180,0.781071
vt,0.430669,0.294630,0.725299
vt,0.456506,0.571611,1.028117
vt,0.465670,0.624671,1.090341
vt,0.461394,0.626415,1.087809
vt,0.451977,0.572580,1.024557
vt,0.449101,0.517404,0.9665051
vt,0.444601,0.518104,0.962705
vt,0.438447,0.461811,0.900258
vt,0.443051,0.461319,0.90437
vt,0.438969,0.404177,0.843146
vt,0.434394,0.404489,0.838883
vt,0.431891,0.349180,0.781071
vt,0.436466,0.349031,0.785497
vt,0.430669,0.294630,0.725299
vt,0.435259,0.294630,0.729889
vt,0.435244,0.240407,0.675651
vt,0.430669,0.240243,0.670912
vt,0.436987,0.186036,0.623023
vt,0.432398,0.185723,0.618121
vt,0.440712,0.131009,0.571721
vt,0.436138,0.130503,0.566641
vt,0.442351,0.073390,0.515741
vt,0.446881,0.074195,0.521076
vt,0.450666,0.017216,0.467882
vt,0.454987,0.018840,0.473827
vt,0.442351,0.073390,0.515741
vt,0.450666,0.017216,0.467882
vt,0.376134,0.628426,1.00456
vt,0.380440,0.626772,1.007212
vt,0.329064,0.352011,0.681075
vt,0.332059,0.410181,0.74224
vt,0.324445,0.352145,0.67659
vt,0.327455,0.410450,0.737905
vt,0.326993,0.295792,0.622785
vt,0.322359,0.295807,0.618166
vt,0.322299,0.239901,0.5622
vt,0.326948,0.240005,0.566953
vt,0.334935,0.466952,0.801887
vt,0.330331,0.467339,0.79767
vt,0.334547,0.522872,0.857419
vt,0.339167,0.522366,0.861533
vt,0.340806,0.578048,0.918854
vt,0.345410,0.577363,0.922773
vt,0.349537,0.633865,0.983402
vt,0.353977,0.632419,0.986396
vt,0.328885,0.183593,0.512478
vt,0.324251,0.183309,0.50756
vt,0.328751,0.124662,0.453413
vt,0.333355,0.125154,0.458509
vt,0.335576,0.067638,0.403214
vt,0.340165,0.068354,0.408519
vt,0.348896,0.013446,0.362342
vt,0.344471,0.012001,0.356472
vt,0.434901,0.632375,1.067276
vt,0.425156,0.577258,1.002414
vt,0.439311,0.630855,1.070166
vt,0.429745,0.576454,1.006199
vt,0.417632,0.521740,0.9393721
vt,0.422221,0.521129,0.94335
vt,0.411388,0.464463,0.875851
vt,0.415992,0.464016,0.880008
vt,0.411880,0.405935,0.8178149
vt,0.407261,0.406233,0.813494
vt,0.409332,0.349954,0.759286
vt,0.404698,0.350103,0.754801
vt,0.408110,0.294764,0.702874
vt,0.403476,0.294793,0.698269
vt,0.403461,0.239573,0.643034
vt,0.408095,0.239692,0.647787
vt,0.409883,0.184397,0.59428
vt,0.405249,0.184144,0.589393
vt,0.409064,0.127851,0.536915
vt,0.413683,0.128283,0.541966
vt,0.420001,0.070216,0.490217
vt,0.415396,0.069561,0.484957
vt,0.424039,0.012001,0.43604
vt,0.428464,0.013431,0.441895
vt,0.664530,0.417199,1.081729
vt,0.687342,0.222378,0.90972
vt,0.719556,0.415858,1.135414
vt,0.610784,0.402955,1.013739
vt,0.561613,0.372797,0.93441
vt,0.524154,0.330852,0.855006
vt,0.500671,0.281324,0.7819951
vt,0.491790,0.227563,0.719353
vt,0.498168,0.172969,0.671137
vt,0.520429,0.120892,0.641321
vt,0.557247,0.076787,0.634034
vt,0.603408,0.046227,0.649635
vt,0.655485,0.029970,0.685455
vt,0.709856,0.028644,0.7385
vt,0.762648,0.042368,0.805016
vt,0.810254,0.070663,0.880917
vt,0.849159,0.112935,0.962094
vt,0.873923,0.163865,1.037788
vt,0.882923,0.218102,1.101025
vt,0.876665,0.272220,1.148885
vt,0.855596,0.322836,1.178432
vt,0.820208,0.366538,1.186746
vt,0.772557,0.399036,1.171593
vt,0.603960,0.616834,1.220794
vt,0.796323,0.629320,1.425643
vt,0.608236,0.670609,1.278845
vt,0.615344,0.562701,1.178045
vt,0.642492,0.512859,1.155351
vt,0.681337,0.474372,1.155709
vt,0.728943,0.448520,1.177463
vt,0.782391,0.436883,1.219274
vt,0.838982,0.441234,1.280216
vt,0.890582,0.461170,1.351752
vt,0.933346,0.494010,1.427356
vt,0.965232,0.537117,1.502349
vt,0.984141,0.587778,1.571919
vt,0.988000,0.643341,1.631341
vt,0.975543,0.698472,1.674015
vt,0.948812,0.745915,1.694727
vt,0.910504,0.783508,1.694012
vt,0.863508,0.809033,1.672541
vt,0.811119,0.820714,1.631833
vt,0.756777,0.817287,1.574064
vt,0.703732,0.797738,1.50147
vt,0.659225,0.764257,1.423482
vt,0.627025,0.720808,1.347833
vt,0.220575,0.757537,0.978112
vt,0.220575,0.777518,0.998093
vt,0.213661,0.757537,0.971198
vt,0.213661,0.777518,0.991179
vt,0.213661,0.737094,0.950755
vt,0.220575,0.737094,0.957669
vt,0.255144,0.722983,0.978127
vt,0.220575,0.698457,0.919032
vt,0.255144,0.698457,0.953601
vt,0.241018,0.737094,0.978112
vt,0.220575,0.737094,0.957669
vt,0.193218,0.737094,0.930312
vt,0.213661,0.694956,0.908617
vt,0.213661,0.737094,0.950755
vt,0.179093,0.722983,0.902076
vt,0.213661,0.533750,0.747411
vt,0.179093,0.505737,0.68483
vt,0.193218,0.491612,0.68483
vt,0.213661,0.491612,0.705273
vt,0.213661,0.694956,0.908617
vt,0.220575,0.691544,0.912119
vt,0.220575,0.698457,0.919032
vt,0.213661,0.737094,0.950755
vt,0.220575,0.737094,0.957669
vt,0.220575,0.537162,0.757737
vt,0.213661,0.533750,0.747411
vt,0.220575,0.530248,0.750823
vt,0.213661,0.491612,0.705273
vt,0.220575,0.491612,0.712187
vt,0.213661,0.451202,0.664863
vt,0.220575,0.451202,0.671777
vt,0.213661,0.471168,0.684829
vt,0.220575,0.471168,0.691743
vt,0.213661,0.491612,0.705273
vt,0.220575,0.491612,0.712187
vt,0.220575,0.530248,0.750823
vt,0.255144,0.505737,0.760881
vt,0.255144,0.530248,0.785392
vt,0.241018,0.491612,0.73263
vt,0.220575,0.491612,0.712187
vt,0.220575,0.691544,0.912119
vt,0.220575,0.537162,0.757737
vt,0.255144,0.691544,0.946688
vt,0.255144,0.537162,0.792306
vt,0.280489,0.981578,1.262067
vt,0.280489,0.756733,1.037222
vt,0.287403,0.981578,1.268981
vt,0.287403,0.756733,1.044136
vt,0.070440,0.451202,0.521642
vt,0.077353,0.451202,0.528555
vt,0.070440,0.471168,0.541608
vt,0.077353,0.471168,0.548521
vt,0.070440,0.491612,0.562052
vt,0.077353,0.491612,0.568965
vt,0.077353,0.530248,0.607601
vt,0.111922,0.505737,0.617659
vt,0.111922,0.530248,0.64217
vt,0.097797,0.491612,0.589409
vt,0.077353,0.491612,0.568965
vt,0.070440,0.533750,0.60419
vt,0.049996,0.491612,0.541608
vt,0.070440,0.491612,0.562052
vt,0.035871,0.505737,0.541608
vt,0.070440,0.694956,0.765396
vt,0.035871,0.722983,0.758854
vt,0.049996,0.737094,0.78709
vt,0.070440,0.737094,0.807534
vt,0.077353,0.537162,0.614515
vt,0.070440,0.533750,0.60419
vt,0.077353,0.530248,0.607601
vt,0.070440,0.491612,0.562052
vt,0.077353,0.491612,0.568965
vt,0.077353,0.691544,0.768897
vt,0.070440,0.694956,0.765396
vt,0.077353,0.698457,0.77581
vt,0.070440,0.737094,0.807534
vt,0.077353,0.737094,0.814447
vt,0.077353,0.757552,0.834905
vt,0.077353,0.777518,0.854871
vt,0.070440,0.757552,0.827992
vt,0.070440,0.777518,0.847958
vt,0.070440,0.737094,0.807534
vt,0.077353,0.737094,0.814447
vt,0.111937,0.722983,0.83492
vt,0.077353,0.698457,0.77581
vt,0.111937,0.698457,0.810394
vt,0.097812,0.737094,0.834906
vt,0.077353,0.737094,0.814447
vt,0.077353,0.691544,0.768897
vt,0.077353,0.537162,0.614515
vt,0.111937,0.691544,0.803481
vt,0.111937,0.537162,0.649099
vt,0.245920,0.981578,1.227498
vt,0.245920,0.756733,1.002653
vt,0.280489,0.981578,1.262067
vt,0.280489,0.756733,1.037222
vt,0.287403,0.981578,1.268981
vt,0.287403,0.756733,1.044136
vt,0.321987,0.981578,1.303565
vt,0.321987,0.756733,1.07872
vt,0.118180,0.986361,1.104541
vt,0.083612,0.986361,1.069973
vt,0.118180,0.761501,0.879681
vt,0.083612,0.761501,0.845113
vt,0.159663,0.761501,0.921164
vt,0.159663,0.986361,1.146024
vt,0.125094,0.761501,0.886595
vt,0.125094,0.986361,1.111455
vt,0.125094,0.986361,1.111455
vt,0.118180,0.986361,1.104541
vt,0.125094,0.761501,0.886595
vt,0.118180,0.761501,0.879681
vt,0.285749,0.401748,0.687497
vt,0.300262,0.401763,0.702025
vt,0.285719,0.429373,0.715092
vt,0.300247,0.429388,0.729635
vt,0.026573,0.428866,0.455439
vt,0.012060,0.428866,0.440926
vt,0.026588,0.401241,0.427829
vt,0.012075,0.401241,0.413316
vt,0.012001,0.544627,0.556628
vt,0.012060,0.428866,0.440926
vt,0.026514,0.544642,0.571156
vt,0.026573,0.428866,0.455439
vt,0.026648,0.285481,0.312129
vt,0.026588,0.401241,0.427829
vt,0.012135,0.285481,0.297616
vt,0.012075,0.401241,0.413316
vt,0.300009,0.545148,0.845157
vt,0.285496,0.545133,0.830629
vt,0.300247,0.429388,0.729635
vt,0.285719,0.429373,0.715092
vt,0.285958,0.285987,0.571945
vt,0.300471,0.286002,0.586473
vt,0.285749,0.401748,0.687497
vt,0.300262,0.401763,0.702025
vt,0.285496,0.545133,0.830629
vt,0.300009,0.545148,0.845157
vt,0.285496,0.660909,0.946405
vt,0.300009,0.660909,0.960918
vt,0.012001,0.544627,0.556628
vt,0.026514,0.544642,0.571156
vt,0.012001,0.660402,0.672403
vt,0.026514,0.660402,0.686916
vt,0.142110,0.544880,0.68699
vt,0.169735,0.544895,0.71463
vt,0.142110,0.559408,0.701518
vt,0.169735,0.559408,0.729143
vt,0.285958,0.285987,0.571945
vt,0.285958,0.170227,0.456185
vt,0.300471,0.286002,0.586473
vt,0.300471,0.170227,0.470698
vt,0.012135,0.285481,0.297616
vt,0.012135,0.169705,0.18184
vt,0.026648,0.285481,0.312129
vt,0.026648,0.169705,0.196353
vt,0.142721,0.285704,0.428425
vt,0.142721,0.271191,0.413912
vt,0.170346,0.285749,0.456095
vt,0.170346,0.271251,0.441597
vt,0.027557,0.127210,0.154767
vt,0.143317,0.127761,0.271078
vt,0.027423,0.154835,0.182258
vt,0.143183,0.155386,0.298569
vt,0.157055,0.141633,0.298688
vt,0.170808,0.155505,0.326313
vt,0.170346,0.271251,0.441597
vt,0.142721,0.271191,0.413912
vt,0.170942,0.127895,0.298837
vt,0.143853,0.012001,0.155854
vt,0.171479,0.012135,0.183614
vt,0.286703,0.128447,0.41515
vt,0.286569,0.156072,0.442641
vt,0.142721,0.285704,0.428425
vt,0.170346,0.285749,0.456095
vt,0.142378,0.401465,0.543843
vt,0.170003,0.401539,0.571542
vt,0.156161,0.415307,0.571468
vt,0.142319,0.429090,0.571409
vt,0.026588,0.401241,0.427829
vt,0.026573,0.428866,0.455439
vt,0.169944,0.429149,0.599093
vt,0.285719,0.429373,0.715092
vt,0.285749,0.401748,0.687497
vt,0.142110,0.544880,0.68699
vt,0.169735,0.544895,0.71463
vt,0.394774,0.974351,1.369125
vt,0.395221,0.966573,1.361794
vt,0.409928,0.974590,1.384518
vt,0.410166,0.966857,1.377023
vt,0.380247,0.966037,1.346284
vt,0.379457,0.973800,1.353257
vt,0.378578,0.984245,1.362823
vt,0.394357,0.984826,1.379183
vt,0.364020,0.972563,1.336583
vt,0.362456,0.982815,1.345271
vt,0.365495,0.965024,1.330519
vt,0.348405,0.969732,1.318137
vt,0.346378,0.979999,1.326377
vt,0.351430,0.962908,1.314338
vt,0.395579,0.958706,1.354285
vt,0.410375,0.959034,1.369409
vt,0.380828,0.958155,1.338983
vt,0.380962,0.952195,1.333157
vt,0.395713,0.952761,1.348474
vt,0.380753,0.950004,1.330757
vt,0.395639,0.950571,1.34621
vt,0.395534,0.946443,1.341977
vt,0.410420,0.946831,1.357251
vt,0.410450,0.950958,1.361408
vt,0.410390,0.941317,1.351707
vt,0.395490,0.940930,1.33642
vt,0.380545,0.945862,1.326407
vt,0.380425,0.940394,1.320819
vt,0.380425,0.935059,1.315484
vt,0.395445,0.935536,1.330981
vt,0.380321,0.932958,1.313279
vt,0.395311,0.933435,1.328746
vt,0.380113,0.923303,1.303416
vt,0.395266,0.923795,1.319061
vt,0.410271,0.933823,1.344094
vt,0.410286,0.924197,1.334483
vt,0.379829,0.909118,1.288947
vt,0.395207,0.909624,1.304831
vt,0.395713,0.890731,1.286444
vt,0.380366,0.890269,1.270635
vt,0.382288,0.871361,1.253649
vt,0.396875,0.871733,1.268608
vt,0.383137,0.865728,1.248865
vt,0.397427,0.866041,1.263468
vt,0.383793,0.858919,1.242712
vt,0.397814,0.859261,1.257075
vt,0.411955,0.859500,1.271455
vt,0.411716,0.866265,1.277981
vt,0.397948,0.852452,1.2504
vt,0.383912,0.852050,1.235962
vt,0.383629,0.848340,1.231969
vt,0.397844,0.848757,1.246601
vt,0.383197,0.845896,1.229093
vt,0.397635,0.846283,1.243918
vt,0.397427,0.843840,1.241267
vt,0.382839,0.843542,1.226381
vt,0.397278,0.841024,1.238302
vt,0.382616,0.840800,1.223416
vt,0.382541,0.838476,1.221017
vt,0.397188,0.838610,1.235798
vt,0.370204,0.851692,1.221896
vt,0.370323,0.858457,1.22878
vt,0.369116,0.865162,1.234278
vt,0.367507,0.870660,1.238167
vt,0.364408,0.889494,1.253902
vt,0.363931,0.908477,1.272408
vt,0.365227,0.922960,1.288187
vt,0.365525,0.932869,1.298394
vt,0.365436,0.935000,1.300436
vt,0.365197,0.940319,1.305516
vt,0.365376,0.945594,1.31097
vt,0.365913,0.949513,1.315426
vt,0.366389,0.951509,1.317898
vt,0.351355,0.949602,1.300957
vt,0.352011,0.951167,1.303178
vt,0.349850,0.945713,1.295563
vt,0.349507,0.940096,1.289603
vt,0.350819,0.934791,1.28561
vt,0.351057,0.932854,1.283911
vt,0.351325,0.923467,1.274792
vt,0.347272,0.908865,1.256137
vt,0.347913,0.887989,1.235902
vt,0.352562,0.868142,1.220704
vt,0.355810,0.863076,1.218886
vt,0.357986,0.857608,1.215594
vt,0.357062,0.851990,1.209052
vt,0.355289,0.848995,1.204284
vt,0.369459,0.848116,1.217575
vt,0.368699,0.845792,1.214491
vt,0.368088,0.843467,1.211555
vt,0.367790,0.840785,1.208575
vt,0.367820,0.838476,1.206296
vt,0.354305,0.846760,1.201065
vt,0.353039,0.844331,1.19737
vt,0.352711,0.841277,1.193988
vt,0.353307,0.838625,1.191932
vt,0.382556,0.800241,1.182797
vt,0.367879,0.800241,1.16812
vt,0.397233,0.800346,1.197579
vt,0.411671,0.838759,1.25043
vt,0.411731,0.841202,1.252933
vt,0.411820,0.844048,1.255868
vt,0.426289,0.844212,1.270501
vt,0.426348,0.846686,1.273034
vt,0.411925,0.846522,1.258447
vt,0.412029,0.849010,1.261039
vt,0.412059,0.852705,1.264764
vt,0.426393,0.849189,1.275582
vt,0.426393,0.852869,1.279262
vt,0.426333,0.859649,1.285982
vt,0.426199,0.866414,1.292613
vt,0.411448,0.871927,1.283375
vt,0.410762,0.891029,1.301791
vt,0.410390,0.910027,1.320417
vt,0.425484,0.910265,1.335749
vt,0.425395,0.924450,1.349845
vt,0.425365,0.934091,1.359456
vt,0.410360,0.935924,1.346284
vt,0.425395,0.936192,1.361587
vt,0.425424,0.941571,1.366995
vt,0.425424,0.947069,1.372493
vt,0.425439,0.951181,1.37662
vt,0.410479,0.953118,1.363597
vt,0.425439,0.953327,1.378766
vt,0.440459,0.951196,1.391655
vt,0.440444,0.953327,1.393771
vt,0.440459,0.947084,1.387543
vt,0.440444,0.941601,1.382045
vt,0.440444,0.936222,1.376666
vt,0.440444,0.934121,1.374565
vt,0.440459,0.924495,1.364954
vt,0.440489,0.910265,1.350754
vt,0.425707,0.891223,1.31693
vt,0.426035,0.872076,1.298111
vt,0.440563,0.891178,1.331741
vt,0.440652,0.872031,1.312683
vt,0.440727,0.866399,1.307126
vt,0.440757,0.859664,1.300421
vt,0.440787,0.852884,1.293671
vt,0.440787,0.849204,1.289991
vt,0.440772,0.846701,1.287473
vt,0.440757,0.844227,1.284984
vt,0.440757,0.841366,1.282123
vt,0.426244,0.841336,1.26758
vt,0.426229,0.838863,1.265092
vt,0.440742,0.838908,1.27965
vt,0.455046,0.841366,1.296412
vt,0.455031,0.844227,1.299258
vt,0.469499,0.844227,1.313726
vt,0.455016,0.846701,1.301717
vt,0.469440,0.846701,1.316141
vt,0.483983,0.844063,1.328046
vt,0.483863,0.846537,1.3304
vt,0.498168,0.846298,1.344466
vt,0.498376,0.843869,1.342245
vt,0.512591,0.845926,1.358517
vt,0.497944,0.848787,1.346731
vt,0.512174,0.848369,1.360543
vt,0.497840,0.852467,1.350307
vt,0.483729,0.852720,1.336449
vt,0.483759,0.849025,1.332784
vt,0.511876,0.852080,1.363956
vt,0.511995,0.858949,1.370944
vt,0.497974,0.859291,1.357265
vt,0.498361,0.866071,1.364432
vt,0.512636,0.865758,1.378394
vt,0.498898,0.871763,1.370661
vt,0.513500,0.871390,1.38489
vt,0.515407,0.890314,1.405721
vt,0.500060,0.890761,1.390821
vt,0.500552,0.909639,1.410191
vt,0.515929,0.909163,1.425092
vt,0.515646,0.923348,1.438994
vt,0.500492,0.923824,1.424316
vt,0.531827,0.908522,1.440349
vt,0.530531,0.923005,1.453536
vt,0.530218,0.932914,1.463132
vt,0.515422,0.933003,1.448425
vt,0.515333,0.935104,1.450437
vt,0.500298,0.935581,1.435879
vt,0.515318,0.940438,1.455756
vt,0.500254,0.940960,1.441214
vt,0.500194,0.946473,1.446667
vt,0.515199,0.945907,1.461106
vt,0.514990,0.950049,1.465039
vt,0.500105,0.950600,1.450705
vt,0.500015,0.952791,1.452806
vt,0.514781,0.952239,1.46702
vt,0.500403,0.933465,1.433868
vt,0.485383,0.935953,1.421336
vt,0.485473,0.933837,1.41931
vt,0.529831,0.949557,1.479388
vt,0.529354,0.951569,1.480923
vt,0.530367,0.945653,1.47602
vt,0.530546,0.940379,1.470925
vt,0.530308,0.935044,1.465352
vt,0.544388,0.949647,1.494035
vt,0.543718,0.951211,1.494929
vt,0.545893,0.945758,1.491651
vt,0.546236,0.940155,1.486391
vt,0.544925,0.934851,1.479776
vt,0.544701,0.932899,1.4776
vt,0.544433,0.923512,1.467945
vt,0.548486,0.908924,1.45741
vt,0.547860,0.888034,1.435894
vt,0.531366,0.889539,1.420905
vt,0.528281,0.870690,1.398971
vt,0.526672,0.865207,1.391879
vt,0.525465,0.858487,1.383952
vt,0.525584,0.851722,1.377306
vt,0.526329,0.848161,1.37449
vt,0.527104,0.845821,1.372925
vt,0.527715,0.843497,1.371212
vt,0.512964,0.843571,1.356535
vt,0.498525,0.841053,1.339578
vt,0.513172,0.840830,1.354002
vt,0.513262,0.838505,1.351767
vt,0.498600,0.838639,1.337239
vt,0.484072,0.841217,1.325289
vt,0.484132,0.838759,1.322891
vt,0.527998,0.840815,1.368813
vt,0.527983,0.838505,1.366488
vt,0.541483,0.846805,1.388288
vt,0.540514,0.849025,1.389539
vt,0.538726,0.852020,1.390746
vt,0.537802,0.857652,1.395454
vt,0.539978,0.863121,1.403099
vt,0.543226,0.868202,1.411428
vt,0.542496,0.838654,1.38115
vt,0.543092,0.841307,1.384399
vt,0.527924,0.800271,1.328195
vt,0.513247,0.800271,1.313518
vt,0.542392,0.800286,1.342678
vt,0.498585,0.800361,1.298946
vt,0.484102,0.800480,1.284582
vt,0.469574,0.838878,1.308452
vt,0.469544,0.841351,1.310895
vt,0.455061,0.838908,1.293969
vt,0.469559,0.800569,1.270128
vt,0.455061,0.800614,1.255675
vt,0.440742,0.800599,1.241341
vt,0.426244,0.800569,1.226813
vt,0.411716,0.800465,1.212181
vt,0.208849,0.041324,0.250173
vt,0.236861,0.030194,0.267055
vt,0.238843,0.044424,0.283267
vt,0.233926,0.058043,0.291969
vt,0.223242,0.067817,0.291059
vt,0.209340,0.071498,0.280838
vt,0.195319,0.068279,0.263598
vt,0.184323,0.058847,0.24317
vt,0.178973,0.045392,0.224365
vt,0.180478,0.031103,0.211581
vt,0.188525,0.019049,0.207574
vt,0.201234,0.012120,0.213354
vt,0.215509,0.011881,0.22739
vt,0.228442,0.018408,0.24685
vt,0.061157,0.015830,0.076987
vt,0.046510,0.045854,0.092364
vt,0.045333,0.011971,0.057304
vt,0.029523,0.015934,0.045457
vt,0.073464,0.026677,0.100141
vt,0.079335,0.041980,0.121315
vt,0.077398,0.058147,0.135545
vt,0.068130,0.071676,0.139806
vt,0.053632,0.079335,0.132967
vt,0.037436,0.079395,0.116831
vt,0.017275,0.026841,0.044116
vt,0.011509,0.042189,0.053698
vt,0.013535,0.058341,0.071876
vt,0.022893,0.071810,0.094703
vt,0.366404,0.957320,1.323724
vt,0.352681,0.956203,1.308884
vt,0.500939,0.974381,1.47532
vt,0.485785,0.974605,1.46039
vt,0.500507,0.966603,1.46711
vt,0.485562,0.966871,1.452433
vt,0.515482,0.966067,1.481549
vt,0.516272,0.973845,1.490117
vt,0.517136,0.984275,1.501411
vt,0.501356,0.984841,1.486197
vt,0.531693,0.972608,1.504301
vt,0.533273,0.982859,1.516132
vt,0.530233,0.965069,1.495302
vt,0.547324,0.969792,1.517116
vt,0.549335,0.980058,1.529393
vt,0.544314,0.962968,1.507282
vt,0.485353,0.959049,1.444402
vt,0.500149,0.958736,1.458885
vt,0.485249,0.953133,1.438382
vt,0.514901,0.958199,1.4731
vt,0.529324,0.957380,1.486704
vt,0.543062,0.956248,1.49931
vt,0.485279,0.950973,1.436252
vt,0.485309,0.946845,1.432154
vt,0.485353,0.941332,1.426685
vt,0.470289,0.951181,1.42147
vt,0.470289,0.953327,1.423616
vt,0.470304,0.947069,1.417373
vt,0.470319,0.941571,1.41189
vt,0.470334,0.936192,1.406526
vt,0.470379,0.934106,1.404485
vt,0.485473,0.924212,1.409685
vt,0.470364,0.924465,1.394829
vt,0.470274,0.910265,1.380539
vt,0.485368,0.910042,1.39541
vt,0.484996,0.891044,1.37604
vt,0.484325,0.871942,1.356267
vt,0.484057,0.866280,1.350337
vt,0.483834,0.859515,1.343349
vt,0.470066,0.891223,1.361289
vt,0.469738,0.872076,1.341814
vt,0.469574,0.866414,1.335988
vt,0.469455,0.859664,1.329119
vt,0.469395,0.852869,1.322264
vt,0.469395,0.849189,1.318584
vt,0.455121,0.872031,1.327152
vt,0.455195,0.891178,1.346373
vt,0.455270,0.910265,1.365535
vt,0.455299,0.924495,1.379794
vt,0.455299,0.934121,1.38942
vt,0.455299,0.936222,1.391521
vt,0.455285,0.941601,1.396886
vt,0.455285,0.947084,1.402369
vt,0.455270,0.951196,1.406466
vt,0.455270,0.953327,1.408597
vt,0.440429,0.959213,1.399642
vt,0.425380,0.959213,1.384593
vt,0.440399,0.966976,1.407375
vt,0.425275,0.966991,1.392266
vt,0.425171,0.974709,1.39988
vt,0.409734,0.985050,1.394784
vt,0.425082,0.985154,1.410236
vt,0.440369,0.974679,1.415048
vt,0.440354,0.985124,1.425478
vt,0.455329,0.966976,1.422305
vt,0.455359,0.974679,1.430038
vt,0.470557,0.974709,1.445266
vt,0.470632,0.985154,1.455786
vt,0.485979,0.985065,1.471044
vt,0.470453,0.966991,1.437444
vt,0.455359,0.985124,1.440483
vt,0.470349,0.959213,1.429562
vt,0.455299,0.959213,1.414512
vt,0.542764,0.844361,1.387125
vt,0.455061,0.866399,1.32146
vt,0.455016,0.859664,1.31468
vt,0.455001,0.852884,1.307885
vt,0.455001,0.849204,1.304205
vt,0.353411,0.800256,1.153667
vt,0.017082,0.731417,0.748499
vt,0.024428,0.728079,0.752507
vt,0.038672,0.749804,0.788476
vt,0.015487,0.732400,0.747887
vt,0.013863,0.734471,0.7483341
vt,0.013267,0.737168,0.750435
vt,0.014042,0.739999,0.754041
vt,0.019034,0.752918,0.771952
vt,0.040267,0.759787,0.800054
vt,0.023593,0.762216,0.785809
vt,0.024994,0.773138,0.798132
vt,0.039298,0.775119,0.814417
vt,0.016396,0.804399,0.820795
vt,0.034113,0.808794,0.842907
vt,0.012001,0.825110,0.837111
vt,0.033874,0.821862,0.855736
vt,0.012016,0.845196,0.857212
vt,0.036333,0.836315,0.872648
vt,0.016650,0.863851,0.880501
vt,0.041265,0.849502,0.890767
vt,0.027229,0.883415,0.910644
vt,0.052053,0.866265,0.918318
vt,0.537758,0.563967,1.101725
vt,0.534509,0.564087,1.098596
vt,0.537475,0.555698,1.093173
vt,0.534226,0.555876,1.090102
vt,0.531842,0.564221,1.096063
vt,0.531589,0.556160,1.087749
vt,0.531380,0.564280,1.09566
vt,0.531246,0.556234,1.08748
vt,0.524884,0.564310,1.089194
vt,0.524809,0.556249,1.081058
vt,0.524422,0.564221,1.088643
vt,0.524452,0.556160,1.080612
vt,0.521740,0.564101,1.085841
vt,0.521814,0.555906,1.07772
vt,0.518492,0.564042,1.082534
vt,0.518566,0.555742,1.074308
vt,0.534509,0.566143,1.100652
vt,0.537758,0.566083,1.103841
vt,0.531380,0.566292,1.097672
vt,0.531827,0.566232,1.098059
vt,0.524899,0.566307,1.091206
vt,0.524452,0.566232,1.090684
vt,0.521770,0.566158,1.087928
vt,0.518521,0.566128,1.084649
vt,0.534495,0.568989,1.103484
vt,0.537743,0.568929,1.106672
vt,0.531813,0.569093,1.100906
vt,0.531380,0.569153,1.100533
vt,0.524914,0.569153,1.094067
vt,0.524482,0.569093,1.093575
vt,0.521814,0.568989,1.090803
vt,0.518566,0.568929,1.087495
vt,0.534495,0.571984,1.106479
vt,0.537743,0.571909,1.109652
vt,0.531813,0.572118,1.103931
vt,0.531366,0.572192,1.103558
vt,0.524899,0.572192,1.097091
vt,0.524467,0.572118,1.096585
vt,0.521800,0.571969,1.093769
vt,0.518551,0.571850,1.090401
vt,0.534554,0.575098,1.109652
vt,0.537802,0.575009,1.112811
vt,0.531842,0.575306,1.107148
vt,0.531321,0.575441,1.106762
vt,0.524809,0.575441,1.10025
vt,0.524362,0.575321,1.099683
vt,0.521680,0.575068,1.096748
vt,0.518447,0.574904,1.093351
vt,0.534256,0.588940,1.123196
vt,0.537504,0.588940,1.126444
vt,0.531589,0.589015,1.120604
vt,0.531142,0.589074,1.120216
vt,0.524660,0.589074,1.113734
vt,0.524169,0.589015,1.113184
vt,0.521472,0.588910,1.110382
vt,0.518209,0.588836,1.107045
vt,0.534286,0.599251,1.133537
vt,0.537549,0.599221,1.13677
vt,0.531589,0.599326,1.130915
vt,0.531097,0.599370,1.130467
vt,0.524556,0.599370,1.123926
vt,0.524035,0.599326,1.123361
vt,0.521308,0.599221,1.120529
vt,0.518045,0.599177,1.117222
vt,0.534256,0.610084,1.14434
vt,0.537504,0.610128,1.147632
vt,0.531544,0.610039,1.141583
vt,0.531053,0.610009,1.141062
vt,0.524526,0.610009,1.134535
vt,0.524020,0.610039,1.134059
vt,0.521293,0.610084,1.131377
vt,0.518030,0.610114,1.128144
vt,0.534256,0.642417,1.176673
vt,0.537504,0.642462,1.179966
vt,0.531559,0.642298,1.173857
vt,0.531097,0.642194,1.173291
vt,0.524601,0.642209,1.16681
vt,0.524139,0.642283,1.166422
vt,0.521442,0.642417,1.163859
vt,0.518194,0.642492,1.160686
vt,0.534331,0.663680,1.198011
vt,0.537579,0.663680,1.201259
vt,0.531664,0.663621,1.195285
vt,0.531217,0.663576,1.194793
vt,0.524735,0.663591,1.188326
vt,0.524273,0.663621,1.187894
vt,0.521591,0.663680,1.185271
vt,0.518343,0.663695,1.182038
vt,0.534346,0.683855,1.218201
vt,0.537594,0.683840,1.221434
vt,0.531664,0.683855,1.215519
vt,0.531217,0.683855,1.215072
vt,0.524735,0.683855,1.20859
vt,0.524288,0.683855,1.208143
vt,0.521621,0.683870,1.205491
vt,0.518372,0.683855,1.202227
vt,0.534346,0.703211,1.237557
vt,0.537594,0.703166,1.24076
vt,0.531678,0.703255,1.234933
vt,0.531217,0.703300,1.234517
vt,0.524735,0.703300,1.228035
vt,0.524288,0.703255,1.227543
vt,0.521606,0.703211,1.224817
vt,0.518358,0.703166,1.221524
vt,0.537728,0.725457,1.263185
vt,0.534465,0.725531,1.259996
vt,0.531753,0.725680,1.257433
vt,0.531246,0.725770,1.257016
vt,0.524705,0.725770,1.250475
vt,0.524198,0.725680,1.249878
vt,0.521487,0.725531,1.247018
vt,0.518223,0.725457,1.24368
vt,0.982949,0.736215,1.719164
vt,0.961299,0.754542,1.715841
vt,0.975618,0.732862,1.70848
vt,0.984558,0.737198,1.721756
vt,0.986167,0.739269,1.725436
vt,0.986748,0.741981,1.728729
vt,0.985974,0.744797,1.730771
vt,0.980937,0.757716,1.738653
vt,0.976348,0.766984,1.743332
vt,0.959675,0.764510,1.724185
vt,0.960613,0.779858,1.740471
vt,0.974918,0.777906,1.752824
vt,0.965724,0.813532,1.779256
vt,0.983455,0.809182,1.792637
vt,0.965948,0.826615,1.792563
vt,0.987821,0.829908,1.817729
vt,0.963459,0.841068,1.804527
vt,0.987762,0.849979,1.837741
vt,0.958512,0.854240,1.812752
vt,0.983098,0.868619,1.851717
vt,0.947680,0.870973,1.818653
vt,0.972489,0.888183,1.860672
vt,0.524452,0.556160,1.080612
vt,0.518670,0.529533,1.048203
vt,0.537341,0.529518,1.066859
vt,0.531589,0.556160,1.087749
vt,0.537296,0.519415,1.056711
vt,0.518656,0.519415,1.038071
vt,0.537266,0.504068,1.041334
vt,0.518626,0.504068,1.022694
vt,0.537251,0.469991,1.007242
vt,0.518611,0.469991,0.988602
vt,0.518596,0.456909,0.975505
vt,0.537236,0.456909,0.994145
vt,0.537221,0.442247,0.979468
vt,0.518581,0.442247,0.9608279
vt,0.537206,0.428166,0.965372
vt,0.518566,0.428166,0.946732
vt,0.537206,0.408229,0.945435
vt,0.518566,0.408229,0.926795
vt,0.531246,0.556234,1.08748
vt,0.524809,0.556249,1.081058
vt,0.521814,0.555906,1.07772
vt,0.518566,0.555742,1.074308
vt,0.534226,0.555876,1.090102
vt,0.537475,0.555698,1.093173
vt,0.575634,0.831666,1.4073
vt,0.582980,0.828343,1.411323
vt,0.597225,0.850053,1.447278
vt,0.574025,0.832650,1.406675
vt,0.572401,0.834721,1.407122
vt,0.571820,0.837418,1.409238
vt,0.572580,0.840249,1.412829
vt,0.577571,0.853167,1.430738
vt,0.598819,0.860036,1.458855
vt,0.582146,0.862465,1.444611
vt,0.583546,0.873387,1.456933
vt,0.597836,0.875369,1.473205
vt,0.574949,0.904663,1.479612
vt,0.592665,0.909043,1.501708
vt,0.570553,0.925374,1.495927
vt,0.592412,0.922111,1.514523
vt,0.570568,0.945445,1.516013
vt,0.594885,0.936579,1.531464
vt,0.575202,0.964100,1.539302
vt,0.599817,0.949751,1.549568
vt,0.585766,0.983679,1.569445
vt,0.610605,0.966514,1.577119
vt,0.933986,0.167739,1.101725
vt,0.930753,0.167843,1.098596
vt,0.933703,0.159454,1.093157
vt,0.930470,0.159648,1.090118
vt,0.928086,0.167992,1.096078
vt,0.927833,0.159931,1.087764
vt,0.927609,0.168052,1.095661
vt,0.927490,0.159990,1.08748
vt,0.921113,0.168081,1.089194
vt,0.921053,0.160020,1.081073
vt,0.920651,0.167992,1.088643
vt,0.920695,0.159931,1.080626
vt,0.917969,0.167873,1.085842
vt,0.918043,0.159663,1.077706
vt,0.914720,0.167813,1.082533
vt,0.914795,0.159514,1.074309
vt,0.930738,0.169914,1.100652
vt,0.933986,0.169854,1.10384
vt,0.927609,0.170063,1.097672
vt,0.928056,0.170003,1.098059
vt,0.921127,0.170063,1.09119
vt,0.920695,0.170003,1.090698
vt,0.918013,0.169929,1.087942
vt,0.914765,0.169899,1.084664
vt,0.930723,0.172760,1.103483
vt,0.933972,0.172700,1.106672
vt,0.928056,0.172864,1.10092
vt,0.927609,0.172924,1.100533
vt,0.921142,0.172924,1.094066
vt,0.920725,0.172864,1.093589
vt,0.918043,0.172760,1.090803
vt,0.914795,0.172700,1.087495
vt,0.930723,0.175755,1.106478
vt,0.933986,0.175666,1.109652
vt,0.928041,0.175889,1.10393
vt,0.927594,0.175949,1.103543
vt,0.921127,0.175949,1.097076
vt,0.920710,0.175889,1.096599
vt,0.918028,0.175725,1.093753
vt,0.914780,0.175621,1.090401
vt,0.930783,0.178869,1.109652
vt,0.934031,0.178780,1.112811
vt,0.928071,0.179078,1.107149
vt,0.927564,0.179212,1.106776
vt,0.921038,0.179212,1.10025
vt,0.920591,0.179093,1.099684
vt,0.917924,0.178839,1.096763
vt,0.914676,0.178675,1.093351
vt,0.930500,0.192712,1.123212
vt,0.933748,0.192712,1.12646
vt,0.927818,0.192771,1.120589
vt,0.927386,0.192846,1.120232
vt,0.920889,0.192846,1.113735
vt,0.920397,0.192786,1.113183
vt,0.917700,0.192682,1.110382
vt,0.914452,0.192607,1.107059
vt,0.930530,0.203023,1.133553
vt,0.933778,0.202993,1.136771
vt,0.927818,0.203082,1.1309
vt,0.927326,0.203142,1.130468
vt,0.920785,0.203142,1.123927
vt,0.920263,0.203082,1.123345
vt,0.917537,0.202993,1.12053
vt,0.914273,0.202933,1.117206
vt,0.930485,0.213855,1.14434
vt,0.933748,0.213885,1.147633
vt,0.927788,0.213810,1.141598
vt,0.927296,0.213766,1.141062
vt,0.920755,0.213781,1.134536
vt,0.920248,0.213810,1.134058
vt,0.917522,0.213840,1.131362
vt,0.914273,0.213870,1.128143
vt,0.930485,0.246189,1.176674
vt,0.933733,0.246233,1.179966
vt,0.927803,0.246055,1.173858
vt,0.927326,0.245965,1.173291
vt,0.920830,0.245980,1.16681
vt,0.920368,0.246055,1.166423
vt,0.917671,0.246189,1.16386
vt,0.914422,0.246248,1.16067
vt,0.930574,0.267437,1.198011
vt,0.933823,0.267437,1.20126
vt,0.927892,0.267392,1.195284
vt,0.927445,0.267347,1.194792
vt,0.920964,0.267362,1.188326
vt,0.920517,0.267392,1.187909
vt,0.917835,0.267437,1.185272
vt,0.914586,0.267466,1.182052
vt,0.930574,0.287626,1.2182
vt,0.933823,0.287612,1.221435
vt,0.927907,0.287626,1.215533
vt,0.927445,0.287626,1.215071
vt,0.920978,0.287626,1.208604
vt,0.920532,0.287626,1.208158
vt,0.917849,0.287626,1.205475
vt,0.914601,0.287612,1.202213
vt,0.930589,0.306967,1.237556
vt,0.933837,0.306937,1.240774
vt,0.927907,0.307027,1.234934
vt,0.927445,0.307056,1.234501
vt,0.920978,0.307056,1.228034
vt,0.920517,0.307027,1.227544
vt,0.917849,0.306982,1.224831
vt,0.914586,0.306937,1.221523
vt,0.933957,0.329213,1.26317
vt,0.930694,0.329303,1.259997
vt,0.927982,0.329452,1.257434
vt,0.927475,0.329541,1.257016
vt,0.920949,0.329541,1.25049
vt,0.920442,0.329452,1.249894
vt,0.917715,0.329303,1.247018
vt,0.914467,0.329228,1.243695
vt,0.920889,0.812594,1.733483
vt,0.899239,0.830921,1.73016
vt,0.913558,0.809241,1.722799
vt,0.922498,0.813577,1.736075
vt,0.924108,0.815663,1.739771
vt,0.924689,0.818360,1.743049
vt,0.923914,0.821191,1.745105
vt,0.918878,0.834095,1.752973
vt,0.914288,0.843363,1.757651
vt,0.897615,0.840904,1.738519
vt,0.898554,0.856237,1.754791
vt,0.912858,0.854285,1.767143
vt,0.903664,0.889926,1.79359
vt,0.921396,0.885561,1.806957
vt,0.903888,0.902994,1.806882
vt,0.925762,0.906287,1.832049
vt,0.901399,0.917447,1.818846
vt,0.925702,0.926358,1.85206
vt,0.896453,0.930619,1.827072
vt,0.921023,0.945013,1.866036
vt,0.885620,0.947367,1.832987
vt,0.910429,0.964562,1.874991
vt,0.920695,0.159931,1.080626
vt,0.914914,0.133289,1.048203
vt,0.933569,0.133274,1.066843
vt,0.927833,0.159931,1.087764
vt,0.933539,0.123187,1.056726
vt,0.914884,0.123187,1.038071
vt,0.933510,0.107825,1.041335
vt,0.914869,0.107825,1.022694
vt,0.933480,0.073748,1.007228
vt,0.914840,0.073748,0.988588
vt,0.914825,0.060680,0.975505
vt,0.933465,0.060680,0.994145
vt,0.933450,0.046018,0.979468
vt,0.914810,0.046018,0.960828
vt,0.933450,0.031937,0.965387
vt,0.914810,0.031937,0.946747
vt,0.933450,0.012001,0.945451
vt,0.914795,0.012001,0.926796
vt,0.927490,0.159990,1.08748
vt,0.921053,0.160020,1.081073
vt,0.918043,0.159663,1.077706
vt,0.914795,0.159514,1.074309
vt,0.930470,0.159648,1.090118
vt,0.933703,0.159454,1.093157
vt,0.188957,0.803028,0.991985
vt,0.196288,0.799690,0.995978
vt,0.210532,0.821415,1.031947
vt,0.187347,0.804011,0.991358
vt,0.185723,0.806082,0.991805
vt,0.185127,0.808779,0.993906
vt,0.185902,0.811610,0.997512
vt,0.190894,0.824529,1.015423
vt,0.212127,0.831398,1.043525
vt,0.195453,0.833827,1.02928
vt,0.196854,0.844749,1.041603
vt,0.211158,0.846730,1.057888
vt,0.188256,0.876009,1.064265
vt,0.205973,0.880405,1.086378
vt,0.183861,0.896721,1.080582
vt,0.205734,0.893473,1.099207
vt,0.183876,0.916792,1.100668
vt,0.208208,0.907926,1.116134
vt,0.188510,0.935462,1.123972
vt,0.213125,0.921113,1.134238
vt,0.199089,0.955026,1.154115
vt,0.223913,0.937875,1.161788
vt,0.580715,0.587838,1.168553
vt,0.577482,0.587957,1.165439
vt,0.580432,0.579568,1.16
vt,0.577199,0.579747,1.156946
vt,0.574815,0.588091,1.162906
vt,0.574561,0.580030,1.154591
vt,0.574338,0.588151,1.162489
vt,0.574219,0.580090,1.154309
vt,0.567841,0.588180,1.156021
vt,0.567782,0.580119,1.147901
vt,0.567380,0.588091,1.155471
vt,0.567424,0.580030,1.147454
vt,0.564698,0.587972,1.15267
vt,0.564772,0.579777,1.144549
vt,0.561449,0.587912,1.149361
vt,0.561524,0.579613,1.141137
vt,0.577467,0.590013,1.16748
vt,0.580730,0.589953,1.170683
vt,0.574338,0.590162,1.1645
vt,0.574785,0.590102,1.164887
vt,0.567871,0.590177,1.158048
vt,0.567424,0.590102,1.157526
vt,0.564742,0.590028,1.15477
vt,0.561494,0.589998,1.151492
vt,0.577452,0.592859,1.170311
vt,0.580700,0.592799,1.173499
vt,0.574785,0.592963,1.167748
vt,0.574338,0.593023,1.167361
vt,0.567886,0.593023,1.160909
vt,0.567454,0.592963,1.160417
vt,0.564772,0.592859,1.157631
vt,0.561524,0.592799,1.154323
vt,0.577452,0.595854,1.173306
vt,0.580715,0.595779,1.176494
vt,0.574770,0.595988,1.170758
vt,0.574323,0.596048,1.170371
vt,0.567856,0.596063,1.163919
vt,0.567439,0.595988,1.163427
vt,0.564757,0.595839,1.160596
vt,0.561509,0.595720,1.157229
vt,0.577512,0.598968,1.17648
vt,0.580760,0.598879,1.179639
vt,0.574815,0.599177,1.173992
vt,0.574293,0.599311,1.173604
vt,0.567767,0.599311,1.167078
vt,0.567320,0.599192,1.166512
vt,0.564653,0.598938,1.163591
vt,0.561405,0.598774,1.160179
vt,0.577229,0.612811,1.19004
vt,0.580477,0.612811,1.193288
vt,0.574561,0.612885,1.187446
vt,0.574114,0.612945,1.187059
vt,0.567633,0.612945,1.180578
vt,0.567141,0.612885,1.180026
vt,0.564429,0.612781,1.17721
vt,0.561181,0.612706,1.173887
vt,0.577258,0.623122,1.20038
vt,0.580507,0.623092,1.203599
vt,0.574547,0.623196,1.197743
vt,0.574055,0.623241,1.197296
vt,0.567514,0.623241,1.190755
vt,0.566992,0.623196,1.190188
vt,0.564265,0.623092,1.187357
vt,0.561002,0.623047,1.184049
vt,0.577214,0.633954,1.211168
vt,0.580477,0.633984,1.214461
vt,0.574517,0.633909,1.208426
vt,0.574025,0.633880,1.207905
vt,0.567484,0.633880,1.201364
vt,0.566977,0.633909,1.200886
vt,0.564265,0.633954,1.198219
vt,0.561002,0.633984,1.194986
vt,0.577214,0.666288,1.243502
vt,0.580462,0.666332,1.246794
vt,0.574532,0.666169,1.240701
vt,0.574055,0.666064,1.240119
vt,0.567573,0.666079,1.233652
vt,0.567096,0.666154,1.23325
vt,0.564414,0.666288,1.230702
vt,0.561151,0.666347,1.227498
vt,0.577303,0.687550,1.264853
vt,0.580551,0.687550,1.268101
vt,0.574621,0.687491,1.262112
vt,0.574174,0.687446,1.26162
vt,0.567692,0.687461,1.255153
vt,0.567245,0.687491,1.254736
vt,0.564563,0.687550,1.252113
vt,0.561315,0.687565,1.24888
vt,0.577318,0.707725,1.285043
vt,0.580566,0.707711,1.288277
vt,0.574636,0.707725,1.282361
vt,0.574174,0.707725,1.281899
vt,0.567707,0.707725,1.275432
vt,0.567260,0.707725,1.274985
vt,0.564578,0.707740,1.272318
vt,0.561330,0.707725,1.269055
vt,0.577318,0.727081,1.304399
vt,0.580566,0.727036,1.307602
vt,0.574636,0.727126,1.301762
vt,0.574189,0.727170,1.301359
vt,0.567707,0.727170,1.294877
vt,0.567260,0.727126,1.294386
vt,0.564578,0.727081,1.291659
vt,0.561330,0.727036,1.288366
vt,0.580685,0.749327,1.330012
vt,0.577437,0.749402,1.326839
vt,0.574725,0.749551,1.324276
vt,0.574219,0.749640,1.323859
vt,0.567678,0.749640,1.317318
vt,0.567171,0.749551,1.316722
vt,0.564459,0.749402,1.313861
vt,0.561196,0.749327,1.310523
vt,0.763348,0.831696,1.595044
vt,0.741713,0.850008,1.591721
vt,0.756017,0.828343,1.58436
vt,0.764957,0.832679,1.597636
vt,0.766567,0.834750,1.601317
vt,0.767148,0.837462,1.60461
vt,0.766373,0.840279,1.606652
vt,0.761352,0.853182,1.614534
vt,0.756747,0.862465,1.619212
vt,0.740074,0.859992,1.600066
vt,0.741013,0.875324,1.616337
vt,0.755317,0.873387,1.628704
vt,0.746123,0.909014,1.655137
vt,0.763855,0.904663,1.668518
vt,0.746347,0.922096,1.668443
vt,0.768221,0.925374,1.693595
vt,0.743859,0.936534,1.680393
vt,0.768161,0.945460,1.713621
vt,0.738912,0.949706,1.688618
vt,0.763497,0.964100,1.727597
vt,0.728079,0.966454,1.694533
vt,0.752888,0.983664,1.736552
vt,0.567424,0.580030,1.147454
vt,0.561643,0.553388,1.115031
vt,0.580313,0.553388,1.133701
vt,0.574561,0.580030,1.154591
vt,0.580268,0.543286,1.123554
vt,0.561628,0.543286,1.104914
vt,0.580238,0.527924,1.108162
vt,0.561598,0.527924,1.089522
vt,0.580209,0.493861,1.07407
vt,0.561568,0.493861,1.055429
vt,0.561554,0.480779,1.042333
vt,0.580194,0.480779,1.060973
vt,0.580179,0.466117,1.046296
vt,0.561539,0.466117,1.027656
vt,0.580179,0.452036,1.032215
vt,0.561539,0.452036,1.013575
vt,0.580179,0.432100,1.012279
vt,0.561524,0.432100,0.993624
vt,0.574219,0.580090,1.154309
vt,0.567782,0.580119,1.147901
vt,0.564772,0.579777,1.144549
vt,0.561524,0.579613,1.141137
vt,0.577199,0.579747,1.156946
vt,0.580432,0.579568,1.16
vt,0.623375,0.807796,1.431171
vt,0.630721,0.804473,1.435194
vt,0.644965,0.826198,1.471163
vt,0.621766,0.808779,1.430545
vt,0.620142,0.810850,1.430992
vt,0.619545,0.813547,1.433092
vt,0.620320,0.816378,1.436698
vt,0.625312,0.829312,1.454624
vt,0.646560,0.836166,1.482726
vt,0.629886,0.838595,1.468481
vt,0.631287,0.849532,1.480819
vt,0.645576,0.851498,1.497074
vt,0.622689,0.880792,1.503481
vt,0.640391,0.885173,1.525564
vt,0.618279,0.901504,1.519783
vt,0.640153,0.898241,1.538394
vt,0.618309,0.921575,1.539884
vt,0.642626,0.912709,1.555335
vt,0.622943,0.940230,1.563173
vt,0.647558,0.925881,1.573439
vt,0.633507,0.959809,1.593316
vt,0.658346,0.942644,1.60099
vt,0.976959,0.167739,1.144698
vt,0.973711,0.167843,1.141554
vt,0.976676,0.159454,1.13613
vt,0.973428,0.159648,1.133076
vt,0.971044,0.167992,1.139036
vt,0.970790,0.159931,1.130721
vt,0.970582,0.168052,1.138634
vt,0.970447,0.159990,1.130437
vt,0.964070,0.168081,1.132151
vt,0.964011,0.160020,1.124031
vt,0.963623,0.167992,1.131615
vt,0.963653,0.159931,1.123584
vt,0.960941,0.167873,1.128814
vt,0.961001,0.159663,1.120664
vt,0.957693,0.167813,1.125506
vt,0.957767,0.159514,1.117281
vt,0.973711,0.169914,1.143625
vt,0.976959,0.169854,1.146813
vt,0.970582,0.170063,1.140645
vt,0.971029,0.170003,1.141032
vt,0.964100,0.170063,1.134163
vt,0.963653,0.170003,1.133656
vt,0.960971,0.169929,1.1309
vt,0.957723,0.169899,1.127622
vt,0.973681,0.172760,1.146441
vt,0.976944,0.172700,1.149644
vt,0.971014,0.172864,1.143878
vt,0.970582,0.172924,1.143506
vt,0.964115,0.172924,1.137039
vt,0.963683,0.172864,1.136547
vt,0.961016,0.172760,1.133776
vt,0.957767,0.172700,1.130467
vt,0.973696,0.175755,1.149451
vt,0.976944,0.175666,1.15261
vt,0.971014,0.175889,1.146903
vt,0.970552,0.175949,1.146501
vt,0.964100,0.175949,1.140049
vt,0.963668,0.175889,1.139557
vt,0.961001,0.175725,1.136726
vt,0.957752,0.175621,1.133373
vt,0.973755,0.178869,1.152624
vt,0.977004,0.178780,1.155784
vt,0.971044,0.179078,1.150122
vt,0.970522,0.179212,1.149734
vt,0.963996,0.179212,1.143208
vt,0.963549,0.179093,1.142642
vt,0.960882,0.178839,1.139721
vt,0.957648,0.178675,1.136323
vt,0.973457,0.192712,1.166169
vt,0.976706,0.192712,1.169418
vt,0.970790,0.192771,1.163561
vt,0.970343,0.192846,1.163189
vt,0.963862,0.192846,1.156708
vt,0.963370,0.192786,1.156156
vt,0.960673,0.192682,1.153355
vt,0.957410,0.192607,1.150017
vt,0.973487,0.203023,1.17651
vt,0.976750,0.202993,1.179743
vt,0.970790,0.203082,1.173872
vt,0.970284,0.203142,1.173426
vt,0.963757,0.203142,1.166899
vt,0.963221,0.203082,1.166303
vt,0.960509,0.202993,1.163502
vt,0.957246,0.202933,1.160179
vt,0.973457,0.213855,1.187312
vt,0.976706,0.213885,1.190591
vt,0.970746,0.213810,1.184556
vt,0.970254,0.213766,1.18402
vt,0.963727,0.213781,1.177508
vt,0.963206,0.213810,1.177016
vt,0.960494,0.213840,1.174334
vt,0.957231,0.213870,1.171101
vt,0.973442,0.246189,1.219631
vt,0.976706,0.246233,1.222939
vt,0.970760,0.246055,1.216815
vt,0.970299,0.245965,1.216264
vt,0.963802,0.245980,1.209782
vt,0.963340,0.246055,1.209395
vt,0.960643,0.246189,1.206832
vt,0.957395,0.246248,1.203643
vt,0.973532,0.267437,1.240969
vt,0.976780,0.267437,1.244217
vt,0.970865,0.267392,1.238257
vt,0.970403,0.267347,1.23775
vt,0.963936,0.267362,1.231298
vt,0.963474,0.267392,1.230866
vt,0.960792,0.267437,1.228229
vt,0.957544,0.267466,1.22501
vt,0.973547,0.287626,1.261173
vt,0.976795,0.287612,1.264407
vt,0.970865,0.287626,1.258491
vt,0.970418,0.287626,1.258044
vt,0.963936,0.287626,1.251562
vt,0.963489,0.287626,1.251115
vt,0.960822,0.287626,1.248448
vt,0.957574,0.287612,1.245186
vt,0.973547,0.306967,1.280514
vt,0.976795,0.306937,1.283732
vt,0.970865,0.307027,1.277892
vt,0.970418,0.307056,1.277474
vt,0.963936,0.307056,1.270992
vt,0.963489,0.307027,1.270516
vt,0.960807,0.306982,1.267789
vt,0.957559,0.306937,1.264496
vt,0.976929,0.329213,1.306142
vt,0.973666,0.329303,1.302969
vt,0.970954,0.329452,1.300406
vt,0.970447,0.329541,1.299988
vt,0.963906,0.329541,1.293447
vt,0.963400,0.329452,1.292852
vt,0.960688,0.329303,1.289991
vt,0.957425,0.329228,1.286653
vt,0.706071,0.826928,1.532999
vt,0.684421,0.845240,1.529661
vt,0.698741,0.823560,1.522301
vt,0.707666,0.827896,1.535562
vt,0.709290,0.829982,1.539272
vt,0.709871,0.832679,1.54255
vt,0.709096,0.835510,1.544606
vt,0.704060,0.848414,1.552474
vt,0.699456,0.857697,1.557153
vt,0.682797,0.855223,1.53802
vt,0.683721,0.870556,1.554277
vt,0.698025,0.868619,1.566644
vt,0.688847,0.904245,1.593092
vt,0.706563,0.899895,1.606458
vt,0.689070,0.917313,1.606383
vt,0.710929,0.920606,1.631535
vt,0.686567,0.931766,1.618333
vt,0.710884,0.940677,1.651561
vt,0.681620,0.944938,1.626558
vt,0.706206,0.959332,1.665538
vt,0.670802,0.961686,1.632488
vt,0.695597,0.978881,1.674478
vt,0.963653,0.159931,1.123584
vt,0.957872,0.133289,1.091161
vt,0.976542,0.133274,1.109816
vt,0.970790,0.159931,1.130721
vt,0.976497,0.123187,1.099684
vt,0.957857,0.123187,1.081044
vt,0.976467,0.107825,1.084292
vt,0.957827,0.107825,1.065652
vt,0.976452,0.073748,1.0502
vt,0.957812,0.073748,1.03156
vt,0.957782,0.060680,1.018462
vt,0.976437,0.060680,1.037117
vt,0.976423,0.046018,1.022441
vt,0.957782,0.046018,1.0038
vt,0.976408,0.031937,1.008345
vt,0.957767,0.031937,0.989704
vt,0.976408,0.012001,0.988409
vt,0.957767,0.012001,0.969768
vt,0.970447,0.159990,1.130437
vt,0.964011,0.160020,1.124031
vt,0.961001,0.159663,1.120664
vt,0.957767,0.159514,1.117281
vt,0.973428,0.159648,1.133076
vt,0.976676,0.159454,1.13613
vn,0.54,0.62,-0.56
vn,0.36,0.62,-0.69
vn,0.38,0.83,-0.39
vn,0.25,0.83,-0.48
vn,0.46,0.08,-0.88
vn,0.68,0.08,-0.71
vn,0.45,-0.21,-0.86
vn,0.67,-0.21,-0.70
vn,0.10,0.83,-0.53
vn,0.15,0.62,-0.76
vn,0.19,0.08,-0.97
vn,0.18,-0.21,-0.95
vn,-0.07,0.62,-0.77
vn,-0.05,0.83,-0.54
vn,-0.09,0.08,-0.99
vn,-0.09,-0.21,-0.97
vn,-0.20,0.83,-0.50
vn,-0.29,0.62,-0.72
vn,-0.37,0.08,-0.92
vn,-0.36,-0.21,-0.90
vn,-0.48,0.62,-0.61
vn,-0.34,0.83,-0.43
vn,-0.61,0.08,-0.78
vn,-0.60,-0.21,-0.76
vn,-0.44,0.83,-0.31
vn,-0.63,0.62,-0.45
vn,-0.81,0.08,-0.57
vn,-0.79,-0.21,-0.56
vn,-0.51,0.83,-0.17
vn,-0.73,0.62,-0.25
vn,-0.93,0.08,-0.33
vn,-0.92,-0.21,-0.32
vn,-0.99,0.08,-0.02
vn,-0.78,0.62,-0.04
vn,-0.97,-0.21,-0.02
vn,-0.55,0.83,0.00
vn,-0.53,0.83,0.12
vn,-0.75,0.62,0.18
vn,-0.96,0.08,0.24
vn,-0.94,-0.21,0.23
vn,-0.67,0.62,0.39
vn,-0.47,0.83,0.27
vn,-0.86,0.08,0.50
vn,-0.84,-0.21,0.49
vn,-0.54,0.62,0.56
vn,-0.38,0.83,0.39
vn,-0.68,0.08,0.72
vn,-0.67,-0.21,0.70
vn,-0.46,0.08,0.88
vn,-0.36,0.62,0.69
vn,-0.45,-0.21,0.86
vn,-0.15,0.62,0.76
vn,-0.20,0.08,0.97
vn,0.06,0.62,0.77
vn,0.08,0.08,0.99
vn,0.36,0.08,0.92
vn,0.28,0.62,0.72
vn,0.48,0.62,0.61
vn,0.61,0.08,0.78
vn,0.80,0.08,0.58
vn,0.63,0.62,0.45
vn,0.93,0.08,0.33
vn,0.73,0.62,0.26
vn,0.78,0.62,0.04
vn,0.99,0.08,0.06
vn,0.97,0.08,-0.22
vn,0.76,0.62,-0.18
vn,0.67,0.62,-0.38
vn,0.47,0.83,-0.27
vn,0.86,0.08,-0.49
vn,0.84,-0.21,-0.48
vn,0.95,-0.21,-0.22
vn,0.53,0.83,-0.11
vn,0.54,0.83,0.02
vn,0.97,-0.21,0.06
vn,0.91,-0.21,0.32
vn,0.79,-0.21,0.57
vn,0.60,-0.21,0.76
vn,0.35,-0.21,0.90
vn,0.08,-0.21,0.97
vn,-0.19,-0.21,0.95
vn,0.51,0.83,0.17
vn,0.44,0.83,0.31
vn,0.33,0.83,0.43
vn,0.20,0.83,0.51
vn,0.04,0.83,0.54
vn,-0.11,0.83,0.53
vn,-0.25,0.83,0.48
vn,0.37,0.00,0.92
vn,0.62,0.00,0.78
vn,0.37,0.00,0.92
vn,0.62,0.00,0.78
vn,0.09,0.00,0.99
vn,-0.19,0.00,0.98
vn,-0.46,0.00,0.88
vn,-0.46,0.00,0.88
vn,-0.69,0.00,0.72
vn,-0.69,0.00,0.72
vn,-0.86,0.00,0.49
vn,-0.97,0.00,0.22
vn,-0.99,0.00,-0.06
vn,-0.94,0.00,-0.33
vn,-0.94,0.00,-0.33
vn,-0.94,0.00,-0.33
vn,-0.81,0.00,-0.58
vn,-0.61,0.00,-0.78
vn,-0.36,0.00,-0.93
vn,-0.08,0.00,-0.99
vn,0.20,-0.00,-0.97
vn,0.20,-0.00,-0.97
vn,0.46,-0.00,-0.88
vn,0.69,-0.00,-0.72
vn,0.69,-0.00,-0.72
vn,0.86,-0.00,-0.50
vn,0.86,-0.00,-0.50
vn,0.97,-0.00,-0.24
vn,0.97,-0.00,-0.24
vn,0.99,0.00,0.06
vn,0.94,0.00,0.33
vn,0.94,-0.00,0.33
vn,0.81,0.00,0.58
vn,0.81,0.00,0.58
vn,-0.00,-1.00,-0.00
vn,0.00,-1.00,-0.00
vn,0.00,-1.00,-0.00
vn,-0.60,-0.19,-0.76
vn,-0.79,-0.19,-0.57
vn,-0.61,-0.09,-0.78
vn,-0.80,-0.09,-0.58
vn,-0.36,-0.19,-0.90
vn,-0.37,-0.09,-0.92
vn,-0.37,0.00,-0.92
vn,-0.09,-0.09,-0.99
vn,-0.09,0.00,-0.99
vn,0.19,-0.09,-0.97
vn,0.19,0.00,-0.98
vn,0.46,-0.00,-0.88
vn,0.46,-0.09,-0.88
vn,-0.62,0.00,-0.78
vn,-0.09,-0.19,-0.97
vn,0.18,-0.19,-0.96
vn,0.45,-0.19,-0.86
vn,0.67,-0.19,-0.70
vn,0.68,-0.09,-0.71
vn,0.85,-0.19,-0.48
vn,0.86,-0.09,-0.49
vn,0.86,0.00,-0.49
vn,0.96,-0.09,-0.22
vn,0.97,0.00,-0.22
vn,0.99,-0.09,0.04
vn,0.94,-0.00,0.33
vn,0.93,-0.09,0.33
vn,0.69,0.00,-0.72
vn,0.95,-0.19,-0.22
vn,0.97,-0.19,0.06
vn,0.92,-0.19,0.32
vn,-0.93,-0.09,-0.32
vn,-0.94,-0.00,-0.33
vn,-0.81,-0.00,-0.58
vn,-0.92,-0.19,-0.32
vn,-0.94,-0.00,-0.33
vn,-0.99,-0.09,-0.04
vn,-0.96,-0.09,0.23
vn,-0.97,0.00,0.24
vn,-0.85,-0.09,0.50
vn,-0.86,0.00,0.50
vn,-0.95,-0.19,0.23
vn,-0.84,-0.19,0.49
vn,-0.68,-0.09,0.71
vn,-0.67,-0.19,0.70
vn,-0.46,-0.09,0.88
vn,-0.46,0.00,0.88
vn,-0.69,0.00,0.72
vn,-0.20,0.00,0.97
vn,-0.20,-0.09,0.97
vn,0.08,-0.09,0.99
vn,0.08,0.00,0.99
vn,0.36,-0.09,0.92
vn,0.36,0.00,0.93
vn,0.61,0.00,0.78
vn,0.61,-0.09,0.78
vn,0.80,-0.09,0.58
vn,0.79,-0.19,0.57
vn,0.60,-0.19,0.77
vn,0.35,-0.19,0.91
vn,0.08,-0.19,0.97
vn,-0.19,-0.19,0.96
vn,-0.45,-0.19,0.86
vn,0.00,-1.00,0.00
vn,-0.00,-1.00,-0.00
vn,-0.97,-0.19,-0.06
vn,0.00,1.00,-0.00
vn,-0.00,1.00,0.00
vn,0.00,1.00,-0.00
vn,-0.00,1.00,0.00
vn,-0.00,1.00,-0.00
vn,-0.00,-1.00,-0.00
vn,-0.92,0.38,-0.02
vn,-0.70,0.70,-0.03
vn,-0.70,0.70,-0.03
vn,-1.00,0.00,-0.00
vn,0.00,0.00,1.00
vn,-0.00,0.00,1.00
vn,-0.00,-0.00,-1.00
vn,0.00,-0.00,-1.00
vn,0.70,0.70,-0.03
vn,0.92,0.38,-0.02
vn,1.00,0.00,0.00
vn,0.00,0.00,-1.00
vn,-0.00,0.00,-1.00
vn,-0.00,-0.00,1.00
vn,0.00,-0.00,1.00
vn,0.70,0.00,-0.70
vn,0.70,-0.00,-0.70
vn,0.70,-0.00,-0.70
vn,0.70,-0.00,-0.70
vn,-0.70,0.00,0.70
vn,-0.70,-0.00,-0.70
vn,-0.70,0.00,-0.70
vn,0.70,0.00,0.70
vn,0.70,0.00,0.70
vn,-0.70,-0.00,-0.70
vn,0.70,-0.00,-0.70
vn,0.70,0.00,0.70
vn,0.11,-0.33,-0.93
vn,0.10,-0.43,-0.89
vn,-0.33,-0.33,-0.88
vn,-0.31,-0.43,-0.84
vn,0.51,-0.43,-0.74
vn,0.53,-0.33,-0.77
vn,0.56,-0.00,-0.82
vn,0.12,-0.00,-0.99
vn,0.83,-0.33,-0.43
vn,0.88,-0.00,-0.46
vn,0.79,-0.43,-0.41
vn,0.94,-0.33,0.03
vn,0.90,-0.43,0.01
vn,0.11,0.11,-0.98
vn,-0.35,0.11,-0.92
vn,0.56,0.11,-0.81
vn,0.56,0.17,-0.80
vn,0.11,0.17,-0.97
vn,0.50,0.44,-0.73
vn,0.10,0.44,-0.88
vn,0.10,0.45,-0.88
vn,-0.31,0.45,-0.83
vn,-0.31,0.44,-0.83
vn,-0.33,-0.30,-0.89
vn,0.11,-0.30,-0.94
vn,0.50,0.45,-0.73
vn,0.54,-0.30,-0.78
vn,0.52,-0.39,-0.75
vn,0.11,-0.39,-0.91
vn,0.56,-0.11,-0.81
vn,0.11,-0.11,-0.98
vn,0.55,0.21,-0.80
vn,0.11,0.21,-0.97
vn,-0.35,-0.11,-0.92
vn,-0.34,0.21,-0.91
vn,0.54,0.28,-0.78
vn,0.11,0.28,-0.95
vn,0.12,-0.09,-0.98
vn,0.56,-0.09,-0.81
vn,0.48,-0.53,-0.69
vn,0.10,-0.53,-0.83
vn,0.39,-0.71,-0.57
vn,0.08,-0.71,-0.69
vn,0.56,-0.06,-0.82
vn,0.12,-0.06,-0.99
vn,-0.35,-0.06,-0.93
vn,-0.24,-0.71,-0.65
vn,0.08,0.66,-0.73
vn,0.42,0.66,-0.61
vn,0.50,0.46,-0.73
vn,0.10,0.46,-0.88
vn,0.48,0.51,-0.70
vn,0.10,0.51,-0.84
vn,0.10,0.45,-0.88
vn,0.50,0.45,-0.73
vn,0.10,-0.45,-0.88
vn,0.50,-0.45,-0.73
vn,0.48,-0.51,-0.70
vn,0.10,-0.51,-0.84
vn,0.65,0.66,-0.34
vn,0.88,-0.06,-0.46
vn,0.61,-0.71,-0.32
vn,0.74,-0.53,-0.39
vn,0.88,-0.09,-0.46
vn,0.84,0.28,-0.44
vn,0.86,0.21,-0.45
vn,0.87,-0.11,-0.46
vn,0.81,-0.39,-0.42
vn,0.84,-0.30,-0.44
vn,0.79,0.45,-0.41
vn,0.79,0.44,-0.41
vn,0.87,0.17,-0.45
vn,0.89,0.44,0.04
vn,0.98,0.17,-0.00
vn,0.89,0.45,-0.02
vn,0.95,-0.30,0.00
vn,0.91,-0.39,0.02
vn,0.99,-0.11,0.00
vn,0.97,0.21,-0.03
vn,0.95,0.28,-0.00
vn,0.99,-0.09,-0.04
vn,0.84,-0.53,-0.01
vn,0.69,-0.71,-0.03
vn,0.99,-0.06,-0.01
vn,0.74,0.66,0.00
vn,0.88,0.46,-0.00
vn,0.78,0.46,-0.41
vn,0.75,0.51,-0.39
vn,0.78,0.45,-0.41
vn,0.78,-0.45,-0.41
vn,0.75,-0.51,-0.39
vn,0.85,0.51,-0.03
vn,0.89,0.45,-0.04
vn,0.89,-0.45,0.04
vn,0.85,-0.51,-0.03
vn,0.88,-0.00,-0.46
vn,-0.30,-0.51,-0.80
vn,-0.31,-0.45,-0.83
vn,-0.31,0.45,-0.83
vn,-0.66,0.45,-0.58
vn,-0.64,0.51,-0.56
vn,-0.30,0.51,-0.80
vn,-0.31,0.46,-0.82
vn,-0.26,0.66,-0.69
vn,-0.66,0.46,-0.58
vn,-0.55,0.66,-0.49
vn,-0.74,-0.06,-0.66
vn,-0.52,-0.71,-0.46
vn,-0.30,-0.53,-0.78
vn,-0.35,-0.09,-0.92
vn,-0.34,0.28,-0.89
vn,-0.71,0.28,-0.63
vn,-0.73,0.21,-0.64
vn,-0.74,-0.11,-0.65
vn,-0.32,-0.39,-0.85
vn,-0.68,-0.39,-0.60
vn,-0.71,-0.30,-0.63
vn,-0.66,0.45,-0.59
vn,-0.66,0.44,-0.59
vn,-0.34,0.17,-0.92
vn,-0.73,0.17,-0.65
vn,-0.86,0.44,-0.21
vn,-0.95,0.17,-0.23
vn,-0.86,0.45,-0.21
vn,-0.92,-0.30,-0.22
vn,-0.89,-0.39,-0.21
vn,-0.96,-0.11,-0.23
vn,-0.94,0.21,-0.23
vn,-0.93,0.28,-0.23
vn,-0.74,-0.09,-0.66
vn,-0.63,-0.53,-0.56
vn,-0.96,-0.09,-0.23
vn,-0.81,-0.53,-0.20
vn,-0.67,-0.71,-0.16
vn,-0.96,-0.06,-0.24
vn,-0.72,0.66,-0.17
vn,-0.86,0.46,-0.21
vn,-0.83,0.51,-0.20
vn,-0.86,0.45,-0.21
vn,-0.86,-0.45,-0.21
vn,-0.66,-0.45,-0.58
vn,-0.64,-0.51,-0.56
vn,-0.83,-0.51,-0.20
vn,-0.86,-0.45,0.21
vn,-0.86,0.45,0.21
vn,-0.66,0.45,0.58
vn,-0.83,0.51,0.20
vn,-0.64,0.51,0.56
vn,-0.31,0.45,0.83
vn,-0.30,0.51,0.80
vn,0.10,0.51,0.84
vn,0.10,0.45,0.88
vn,0.48,0.51,0.70
vn,0.10,0.46,0.88
vn,0.50,0.46,0.73
vn,0.08,0.66,0.73
vn,-0.26,0.66,0.69
vn,-0.31,0.46,0.82
vn,0.42,0.66,0.61
vn,0.56,-0.06,0.82
vn,0.12,-0.06,0.99
vn,0.08,-0.71,0.69
vn,0.39,-0.71,0.57
vn,0.10,-0.53,0.83
vn,0.48,-0.53,0.69
vn,0.56,-0.09,0.81
vn,0.12,-0.09,0.98
vn,0.11,0.28,0.95
vn,0.54,0.28,0.78
vn,0.55,0.21,0.80
vn,0.11,0.21,0.97
vn,0.84,0.28,0.44
vn,0.86,0.21,0.45
vn,0.87,-0.11,0.46
vn,0.56,-0.11,0.81
vn,0.52,-0.39,0.75
vn,0.11,-0.39,0.91
vn,0.54,-0.30,0.78
vn,0.11,-0.30,0.94
vn,0.10,0.45,0.88
vn,0.50,0.45,0.73
vn,0.50,0.44,0.73
vn,0.10,0.44,0.88
vn,0.11,0.17,0.97
vn,0.56,0.17,0.80
vn,0.11,-0.11,0.98
vn,-0.32,-0.39,0.85
vn,-0.35,-0.11,0.92
vn,0.79,0.44,0.41
vn,0.87,0.17,0.45
vn,0.79,0.45,0.41
vn,0.84,-0.30,0.44
vn,0.81,-0.39,0.42
vn,0.88,-0.09,0.46
vn,0.74,-0.53,0.39
vn,0.61,-0.71,0.32
vn,0.88,-0.06,0.46
vn,0.65,0.66,0.34
vn,0.78,0.46,0.41
vn,0.75,0.51,0.39
vn,0.78,0.45,0.41
vn,0.50,0.45,0.73
vn,0.10,-0.45,0.88
vn,0.50,-0.45,0.73
vn,0.48,-0.51,0.70
vn,0.10,-0.51,0.84
vn,-0.31,-0.45,0.83
vn,-0.30,-0.51,0.80
vn,0.78,-0.45,0.41
vn,0.75,-0.51,0.39
vn,0.84,-0.53,-0.01
vn,0.89,-0.45,0.04
vn,0.88,0.00,0.46
vn,0.56,-0.00,0.82
vn,0.12,-0.00,0.99
vn,-0.35,0.00,0.93
vn,-0.64,-0.51,0.56
vn,-0.66,-0.45,0.58
vn,-0.83,-0.51,0.20
vn,-0.74,0.00,0.66
vn,-0.97,-0.00,-0.24
vn,-0.74,-0.00,-0.66
vn,-0.35,-0.00,-0.93
vn,-0.00,-1.00,-0.00
vn,-0.00,1.00,-0.00
vn,0.87,0.11,-0.46
vn,0.99,0.11,0.00
vn,0.11,-0.33,0.93
vn,-0.33,-0.33,0.88
vn,0.10,-0.43,0.89
vn,-0.31,-0.43,0.84
vn,0.51,-0.43,0.74
vn,0.53,-0.33,0.77
vn,0.56,-0.00,0.82
vn,0.12,-0.00,0.99
vn,0.83,-0.33,0.43
vn,0.88,-0.00,0.46
vn,0.79,-0.43,0.41
vn,0.94,-0.33,0.03
vn,-0.35,0.11,0.92
vn,0.11,0.11,0.98
vn,-0.34,0.17,0.92
vn,0.56,0.11,0.81
vn,0.87,0.11,0.46
vn,-0.31,0.44,0.83
vn,-0.31,0.45,0.83
vn,-0.33,-0.30,0.89
vn,-0.66,0.44,0.59
vn,-0.73,0.17,0.65
vn,-0.66,0.45,0.59
vn,-0.71,-0.30,0.63
vn,-0.68,-0.39,0.60
vn,-0.74,-0.11,0.65
vn,-0.34,0.21,0.91
vn,-0.73,0.21,0.64
vn,-0.71,0.28,0.63
vn,-0.34,0.28,0.89
vn,-0.35,-0.09,0.92
vn,-0.30,-0.53,0.78
vn,-0.24,-0.71,0.65
vn,-0.35,-0.06,0.93
vn,-0.74,-0.09,0.66
vn,-0.63,-0.53,0.56
vn,-0.52,-0.71,0.46
vn,-0.74,-0.06,0.66
vn,-0.55,0.66,0.49
vn,-0.66,0.46,0.58
vn,-0.81,-0.53,0.20
vn,-0.96,-0.09,0.23
vn,-0.93,0.28,0.23
vn,-0.94,0.21,0.23
vn,-0.96,-0.11,0.23
vn,-0.89,-0.39,0.21
vn,-0.92,-0.30,0.22
vn,-0.86,0.45,0.21
vn,-0.86,0.44,0.21
vn,-0.95,0.17,0.23
vn,-0.96,0.11,-0.23
vn,-0.74,0.11,-0.65
vn,-0.87,-0.43,-0.21
vn,-0.67,-0.43,-0.59
vn,-0.70,-0.33,-0.62
vn,-0.35,0.00,-0.93
vn,-0.91,-0.33,-0.22
vn,-0.87,-0.43,0.21
vn,-0.91,-0.33,0.22
vn,-0.70,-0.33,0.62
vn,-0.74,-0.00,0.66
vn,-0.67,-0.43,0.59
vn,-0.97,-0.00,0.24
vn,-0.74,0.11,0.65
vn,-0.96,0.11,0.23
vn,-0.67,-0.71,0.16
vn,-0.96,-0.06,0.24
vn,-0.72,0.66,0.17
vn,-0.86,0.46,0.21
vn,1.00,-0.00,-0.00
vn,1.00,-0.00,-0.00
vn,1.00,-0.00,0.00
vn,1.00,-0.00,-0.00
vn,1.00,-0.00,0.00
vn,0.08,-0.11,0.98
vn,0.14,-0.10,0.98
vn,0.08,-0.17,0.98
vn,0.14,-0.17,0.97
vn,0.51,-0.08,0.85
vn,0.49,-0.15,0.85
vn,0.40,-0.08,0.90
vn,0.43,-0.15,0.88
vn,-0.40,-0.08,0.90
vn,-0.43,-0.15,0.88
vn,-0.51,-0.08,0.85
vn,-0.49,-0.15,0.85
vn,-0.14,-0.11,0.98
vn,-0.14,-0.17,0.97
vn,-0.08,-0.11,0.98
vn,-0.08,-0.17,0.98
vn,0.14,0.13,0.98
vn,0.08,0.12,0.98
vn,0.40,0.14,0.90
vn,0.52,0.12,0.84
vn,-0.40,0.14,0.90
vn,-0.52,0.12,0.84
vn,-0.14,0.13,0.98
vn,-0.08,0.12,0.98
vn,0.14,0.50,0.85
vn,0.08,0.50,0.86
vn,0.53,0.43,0.72
vn,0.39,0.48,0.77
vn,-0.39,0.48,0.77
vn,-0.53,0.43,0.72
vn,-0.14,0.50,0.85
vn,-0.08,0.50,0.86
vn,0.14,0.82,0.53
vn,0.08,0.83,0.54
vn,0.53,0.71,0.45
vn,0.39,0.77,0.49
vn,-0.39,0.77,0.48
vn,-0.53,0.70,0.45
vn,-0.14,0.82,0.53
vn,-0.08,0.83,0.54
vn,0.14,0.94,0.27
vn,0.08,0.95,0.28
vn,0.51,0.82,0.24
vn,0.41,0.87,0.25
vn,-0.41,0.87,0.24
vn,-0.51,0.82,0.24
vn,-0.14,0.94,0.27
vn,-0.08,0.95,0.28
vn,0.14,0.97,0.18
vn,0.08,0.97,0.18
vn,0.52,0.83,0.16
vn,0.41,0.89,0.16
vn,-0.42,0.89,0.17
vn,-0.52,0.83,0.16
vn,-0.14,0.97,0.18
vn,-0.08,0.97,0.18
vn,0.14,0.94,0.30
vn,0.08,0.94,0.30
vn,0.49,0.82,0.26
vn,0.43,0.85,0.27
vn,-0.44,0.85,0.27
vn,-0.50,0.82,0.26
vn,-0.14,0.94,0.30
vn,-0.08,0.94,0.30
vn,0.14,0.77,0.61
vn,0.08,0.77,0.62
vn,0.49,0.67,0.54
vn,0.44,0.70,0.55
vn,-0.44,0.69,0.56
vn,-0.49,0.67,0.54
vn,-0.14,0.77,0.61
vn,-0.08,0.77,0.62
vn,0.14,0.65,0.73
vn,0.08,0.66,0.74
vn,0.51,0.57,0.64
vn,0.41,0.60,0.68
vn,-0.41,0.60,0.67
vn,-0.51,0.56,0.64
vn,-0.14,0.65,0.73
vn,-0.08,0.66,0.74
vn,0.14,0.74,0.64
vn,0.08,0.75,0.64
vn,0.52,0.64,0.55
vn,0.40,0.69,0.59
vn,-0.41,0.69,0.59
vn,-0.52,0.64,0.55
vn,-0.14,0.74,0.64
vn,-0.08,0.75,0.64
vn,0.14,0.87,0.46
vn,0.08,0.88,0.46
vn,0.52,0.75,0.39
vn,0.40,0.80,0.42
vn,-0.41,0.80,0.42
vn,-0.52,0.75,0.39
vn,-0.14,0.87,0.46
vn,-0.08,0.88,0.46
vn,0.14,0.96,0.23
vn,0.08,0.96,0.23
vn,0.52,0.82,0.19
vn,0.40,0.88,0.21
vn,-0.41,0.88,0.21
vn,-0.52,0.82,0.20
vn,-0.14,0.96,0.23
vn,-0.08,0.96,0.23
vn,0.08,0.99,0.10
vn,0.14,0.98,0.11
vn,0.52,0.84,0.08
vn,0.40,0.90,0.09
vn,-0.41,0.90,0.09
vn,-0.52,0.84,0.09
vn,-0.14,0.98,0.11
vn,-0.08,0.99,0.10
vn,-1.00,-0.00,0.00
vn,-1.00,-0.00,-0.00
vn,-1.00,-0.00,-0.00
vn,-1.00,-0.00,-0.00
vn,-1.00,-0.00,-0.00
vn,-1.00,-0.00,0.00
vn,-1.00,-0.00,0.00
vn,-1.00,-0.00,-0.00
vn,0.00,-0.97,-0.23
vn,-0.00,-0.97,-0.23
vn,-0.00,-0.84,-0.52
vn,-0.00,-0.84,-0.52
vn,-0.00,-0.75,-0.65
vn,0.00,-0.75,-0.65
vn,0.00,-0.77,-0.63
vn,0.00,-0.77,-0.63
vn,0.00,-0.86,-0.50
vn,-0.00,-0.86,-0.50
vn,0.00,-0.94,-0.33
vn,0.00,-0.99,-0.13
vn,-0.00,-0.99,-0.13
vn,0.00,-1.00,0.00
vn,-0.00,-1.00,0.00
vn,-0.00,0.00,-1.00
vn,-0.00,0.00,-1.00
vn,-0.00,-0.00,-1.00
vn,-0.00,-0.00,-1.00
vn,-0.00,-0.00,-1.00
vn,-0.00,-0.00,-1.00
vn,-0.00,-0.00,-1.00
vn,-0.00,-0.00,-1.00
vn,-0.00,-0.00,-1.00
vn,-0.00,-0.00,-1.00
vn,-0.00,-0.00,-1.00
vn,-0.00,-0.00,-1.00
vn,-0.00,-0.00,-1.00
vn,-0.00,-0.00,-1.00
vn,-0.00,-0.00,-1.00
vn,-0.00,-0.00,-1.00
vn,-0.00,-0.00,-1.00
vn,-0.00,-0.00,-1.00
vn,0.99,-0.11,-0.07
vn,0.98,-0.10,-0.13
vn,0.98,-0.17,-0.09
vn,0.97,-0.17,-0.14
vn,0.85,-0.08,-0.51
vn,0.85,-0.15,-0.49
vn,0.91,-0.08,-0.40
vn,0.88,-0.15,-0.43
vn,0.90,-0.08,0.41
vn,0.88,-0.15,0.43
vn,0.85,-0.08,0.51
vn,0.85,-0.15,0.49
vn,0.98,-0.11,0.13
vn,0.97,-0.17,0.14
vn,0.99,-0.11,0.07
vn,0.98,-0.17,0.09
vn,0.98,0.13,-0.14
vn,0.98,0.12,-0.09
vn,0.90,0.14,-0.40
vn,0.84,0.12,-0.52
vn,0.90,0.14,0.40
vn,0.84,0.12,0.52
vn,0.98,0.13,0.14
vn,0.98,0.12,0.09
vn,0.85,0.50,-0.14
vn,0.86,0.50,-0.08
vn,0.72,0.43,-0.52
vn,0.77,0.48,-0.40
vn,0.77,0.48,0.40
vn,0.72,0.43,0.53
vn,0.85,0.50,0.14
vn,0.86,0.50,0.08
vn,0.53,0.82,-0.14
vn,0.54,0.83,-0.09
vn,0.45,0.71,-0.53
vn,0.48,0.77,-0.39
vn,0.48,0.77,0.40
vn,0.45,0.70,0.53
vn,0.53,0.82,0.15
vn,0.54,0.83,0.09
vn,0.27,0.94,-0.14
vn,0.28,0.95,-0.09
vn,0.24,0.82,-0.51
vn,0.25,0.87,-0.41
vn,0.25,0.87,0.41
vn,0.23,0.82,0.51
vn,0.27,0.94,0.14
vn,0.28,0.95,0.09
vn,0.18,0.97,-0.15
vn,0.18,0.97,-0.08
vn,0.16,0.83,-0.52
vn,0.17,0.89,-0.41
vn,0.17,0.89,0.42
vn,0.16,0.83,0.52
vn,0.18,0.97,0.15
vn,0.18,0.97,0.08
vn,0.30,0.94,-0.15
vn,0.30,0.94,-0.08
vn,0.26,0.82,-0.49
vn,0.27,0.85,-0.43
vn,0.27,0.85,0.43
vn,0.26,0.82,0.50
vn,0.30,0.94,0.15
vn,0.30,0.94,0.08
vn,0.61,0.77,-0.14
vn,0.62,0.77,-0.09
vn,0.54,0.67,-0.49
vn,0.55,0.70,-0.44
vn,0.55,0.69,0.44
vn,0.54,0.67,0.49
vn,0.61,0.77,0.14
vn,0.62,0.77,0.09
vn,0.73,0.65,-0.15
vn,0.74,0.66,-0.09
vn,0.64,0.56,-0.51
vn,0.67,0.60,-0.41
vn,0.67,0.60,0.42
vn,0.63,0.56,0.51
vn,0.73,0.65,0.15
vn,0.74,0.66,0.09
vn,0.64,0.74,-0.15
vn,0.65,0.75,-0.08
vn,0.55,0.64,-0.52
vn,0.59,0.69,-0.40
vn,0.59,0.69,0.41
vn,0.55,0.64,0.52
vn,0.64,0.74,0.15
vn,0.65,0.75,0.08
vn,0.45,0.87,-0.15
vn,0.46,0.88,-0.07
vn,0.39,0.75,-0.52
vn,0.42,0.80,-0.40
vn,0.42,0.80,0.41
vn,0.39,0.75,0.52
vn,0.45,0.87,0.15
vn,0.46,0.88,0.07
vn,0.23,0.96,-0.15
vn,0.23,0.96,-0.08
vn,0.19,0.82,-0.52
vn,0.21,0.88,-0.40
vn,0.21,0.88,0.41
vn,0.19,0.82,0.52
vn,0.23,0.96,0.15
vn,0.23,0.96,0.08
vn,0.11,0.99,-0.08
vn,0.10,0.98,-0.15
vn,0.09,0.84,-0.51
vn,0.10,0.90,-0.40
vn,0.10,0.90,0.41
vn,0.09,0.84,0.52
vn,0.10,0.98,0.15
vn,0.11,0.99,0.08
vn,-0.00,0.00,1.00
vn,-0.00,-0.00,1.00
vn,-0.00,0.00,1.00
vn,-0.00,-0.00,1.00
vn,-0.00,-0.00,1.00
vn,-0.00,-0.00,1.00
vn,-0.00,-0.00,1.00
vn,-0.00,-0.00,1.00
vn,-0.00,-0.00,1.00
vn,-0.00,-0.00,1.00
vn,-0.00,-0.00,1.00
vn,-0.00,-0.00,1.00
vn,-0.00,-0.00,1.00
vn,-0.00,-0.00,1.00
vn,-0.00,-0.00,1.00
vn,-0.00,-0.00,1.00
vn,-0.00,-0.00,1.00
vn,-0.01,-0.99,0.00
vn,-0.22,-0.97,-0.03
vn,-0.22,-0.97,0.03
vn,-0.01,-0.99,0.00
vn,-0.52,-0.84,-0.02
vn,-0.52,-0.84,-0.02
vn,-0.65,-0.75,-0.00
vn,-0.63,-0.77,-0.01
vn,-0.50,-0.86,0.00
vn,-0.33,-0.94,-0.03
vn,-0.33,-0.94,-0.03
vn,-0.13,-0.99,-0.00
vn,-0.13,-0.99,-0.00
vn,-0.03,-0.99,0.00
vn,-0.00,-1.00,-0.00
vn,-0.00,-1.00,-0.00
vn,-0.02,-0.99,-0.00
vn,-1.00,-0.00,-0.00
vn,-0.08,-0.11,-0.99
vn,-0.14,-0.10,-0.98
vn,-0.08,-0.17,-0.98
vn,-0.14,-0.17,-0.97
vn,-0.51,-0.08,-0.85
vn,-0.49,-0.15,-0.85
vn,-0.40,-0.08,-0.90
vn,-0.43,-0.15,-0.88
vn,0.40,-0.08,-0.90
vn,0.43,-0.15,-0.88
vn,0.51,-0.08,-0.85
vn,0.49,-0.15,-0.85
vn,0.14,-0.11,-0.98
vn,0.14,-0.17,-0.97
vn,0.08,-0.11,-0.98
vn,0.08,-0.17,-0.98
vn,-0.14,0.13,-0.98
vn,-0.08,0.12,-0.98
vn,-0.39,0.14,-0.90
vn,-0.52,0.12,-0.84
vn,0.40,0.14,-0.90
vn,0.52,0.12,-0.84
vn,0.14,0.13,-0.98
vn,0.08,0.12,-0.98
vn,-0.14,0.50,-0.85
vn,-0.08,0.50,-0.86
vn,-0.53,0.43,-0.72
vn,-0.39,0.48,-0.77
vn,0.39,0.48,-0.77
vn,0.53,0.43,-0.72
vn,0.14,0.50,-0.85
vn,0.08,0.50,-0.86
vn,-0.14,0.82,-0.53
vn,-0.08,0.83,-0.54
vn,-0.53,0.71,-0.45
vn,-0.39,0.77,-0.49
vn,0.39,0.77,-0.48
vn,0.53,0.70,-0.45
vn,0.14,0.83,-0.53
vn,0.08,0.83,-0.54
vn,-0.14,0.94,-0.27
vn,-0.08,0.95,-0.28
vn,-0.51,0.82,-0.24
vn,-0.41,0.87,-0.25
vn,0.41,0.87,-0.24
vn,0.51,0.82,-0.24
vn,0.14,0.94,-0.27
vn,0.08,0.95,-0.28
vn,-0.14,0.97,-0.18
vn,-0.08,0.97,-0.18
vn,-0.52,0.83,-0.16
vn,-0.41,0.89,-0.16
vn,0.42,0.89,-0.17
vn,0.52,0.83,-0.16
vn,0.14,0.97,-0.18
vn,0.08,0.97,-0.18
vn,-0.14,0.94,-0.30
vn,-0.08,0.94,-0.30
vn,-0.49,0.82,-0.26
vn,-0.43,0.85,-0.27
vn,0.44,0.85,-0.27
vn,0.50,0.82,-0.26
vn,0.14,0.94,-0.30
vn,0.08,0.94,-0.30
vn,-0.14,0.77,-0.61
vn,-0.08,0.77,-0.62
vn,-0.49,0.67,-0.54
vn,-0.44,0.70,-0.55
vn,0.44,0.69,-0.56
vn,0.49,0.67,-0.54
vn,0.14,0.77,-0.61
vn,0.08,0.77,-0.62
vn,-0.14,0.65,-0.73
vn,-0.08,0.66,-0.74
vn,-0.51,0.57,-0.64
vn,-0.41,0.60,-0.68
vn,0.41,0.60,-0.67
vn,0.51,0.56,-0.64
vn,0.14,0.65,-0.73
vn,0.08,0.66,-0.74
vn,-0.14,0.74,-0.64
vn,-0.08,0.75,-0.64
vn,-0.52,0.64,-0.55
vn,-0.40,0.69,-0.59
vn,0.41,0.69,-0.59
vn,0.52,0.64,-0.55
vn,0.14,0.74,-0.64
vn,0.08,0.75,-0.64
vn,-0.14,0.87,-0.46
vn,-0.08,0.88,-0.46
vn,-0.52,0.75,-0.39
vn,-0.40,0.80,-0.42
vn,0.41,0.80,-0.42
vn,0.52,0.75,-0.39
vn,0.14,0.87,-0.46
vn,0.08,0.88,-0.46
vn,-0.14,0.96,-0.23
vn,-0.08,0.96,-0.23
vn,-0.52,0.82,-0.19
vn,-0.40,0.88,-0.21
vn,0.41,0.88,-0.21
vn,0.52,0.82,-0.20
vn,0.14,0.96,-0.23
vn,0.08,0.96,-0.23
vn,-0.08,0.99,-0.10
vn,-0.14,0.98,-0.11
vn,-0.52,0.84,-0.08
vn,-0.40,0.90,-0.09
vn,0.41,0.90,-0.09
vn,0.52,0.84,-0.09
vn,0.14,0.98,-0.11
vn,0.08,0.99,-0.10
vn,1.00,-0.00,0.00
vn,1.00,-0.00,-0.00
vn,-0.00,-0.97,0.23
vn,0.00,-0.97,0.23
vn,-0.00,-0.84,0.52
vn,-0.00,-0.84,0.52
vn,-0.00,-0.75,0.65
vn,-0.00,-0.77,0.63
vn,-0.00,-0.77,0.63
vn,-0.00,-0.86,0.50
vn,-0.00,-0.94,0.33
vn,-0.00,-0.94,0.33
vn,-0.00,-0.99,0.13
vn,0.00,-0.99,0.13
vn,0.00,0.00,1.00
vn,0.00,0.00,1.00
vn,0.00,-0.00,1.00
vn,0.00,-0.00,1.00
vn,0.00,-0.00,1.00
vn,0.00,-0.00,1.00
vn,0.00,-0.00,1.00
vn,0.00,-0.00,1.00
vn,0.00,-0.00,1.00
vn,0.00,-0.00,1.00
vn,0.00,-0.00,1.00
vn,0.00,-0.00,1.00
vn,0.00,-0.00,1.00
vn,0.00,-0.00,1.00
vn,0.00,-0.00,1.00
vn,0.00,-0.00,1.00
vn,0.00,-0.00,1.00
vn,-0.99,-0.11,0.07
vn,-0.98,-0.10,0.13
vn,-0.98,-0.17,0.09
vn,-0.97,-0.17,0.14
vn,-0.85,-0.08,0.51
vn,-0.85,-0.15,0.49
vn,-0.91,-0.08,0.40
vn,-0.88,-0.15,0.43
vn,-0.90,-0.08,-0.41
vn,-0.88,-0.15,-0.43
vn,-0.85,-0.08,-0.51
vn,-0.85,-0.15,-0.49
vn,-0.98,-0.11,-0.13
vn,-0.97,-0.17,-0.14
vn,-0.99,-0.11,-0.07
vn,-0.98,-0.17,-0.09
vn,-0.98,0.13,0.14
vn,-0.98,0.12,0.09
vn,-0.90,0.14,0.40
vn,-0.84,0.12,0.52
vn,-0.90,0.14,-0.40
vn,-0.84,0.12,-0.52
vn,-0.98,0.13,-0.14
vn,-0.98,0.12,-0.09
vn,-0.85,0.50,0.14
vn,-0.86,0.50,0.08
vn,-0.72,0.43,0.52
vn,-0.77,0.48,0.40
vn,-0.77,0.48,-0.39
vn,-0.72,0.43,-0.53
vn,-0.85,0.50,-0.14
vn,-0.86,0.50,-0.08
vn,-0.53,0.82,0.14
vn,-0.54,0.83,0.09
vn,-0.45,0.71,0.53
vn,-0.48,0.77,0.39
vn,-0.48,0.77,-0.40
vn,-0.45,0.70,-0.53
vn,-0.53,0.82,-0.15
vn,-0.54,0.83,-0.09
vn,-0.27,0.94,0.14
vn,-0.28,0.95,0.09
vn,-0.24,0.82,0.51
vn,-0.25,0.87,0.41
vn,-0.25,0.87,-0.41
vn,-0.23,0.82,-0.51
vn,-0.27,0.94,-0.14
vn,-0.28,0.95,-0.09
vn,-0.18,0.97,0.15
vn,-0.18,0.97,0.08
vn,-0.16,0.83,0.52
vn,-0.17,0.89,0.41
vn,-0.17,0.89,-0.42
vn,-0.16,0.83,-0.52
vn,-0.18,0.97,-0.15
vn,-0.18,0.97,-0.08
vn,-0.30,0.94,0.15
vn,-0.30,0.94,0.08
vn,-0.26,0.82,0.49
vn,-0.27,0.85,0.43
vn,-0.27,0.85,-0.43
vn,-0.26,0.82,-0.50
vn,-0.30,0.94,-0.15
vn,-0.30,0.94,-0.08
vn,-0.61,0.77,0.14
vn,-0.62,0.77,0.09
vn,-0.54,0.67,0.49
vn,-0.55,0.70,0.44
vn,-0.55,0.69,-0.44
vn,-0.54,0.67,-0.49
vn,-0.61,0.77,-0.14
vn,-0.62,0.77,-0.09
vn,-0.73,0.65,0.15
vn,-0.74,0.66,0.09
vn,-0.64,0.56,0.51
vn,-0.67,0.60,0.41
vn,-0.67,0.60,-0.42
vn,-0.63,0.56,-0.51
vn,-0.73,0.65,-0.15
vn,-0.74,0.66,-0.09
vn,-0.64,0.74,0.15
vn,-0.65,0.75,0.08
vn,-0.55,0.64,0.52
vn,-0.59,0.69,0.40
vn,-0.59,0.69,-0.41
vn,-0.55,0.64,-0.52
vn,-0.64,0.74,-0.15
vn,-0.65,0.75,-0.08
vn,-0.45,0.87,0.15
vn,-0.46,0.88,0.07
vn,-0.39,0.75,0.52
vn,-0.42,0.80,0.40
vn,-0.42,0.80,-0.41
vn,-0.39,0.75,-0.52
vn,-0.45,0.87,-0.15
vn,-0.46,0.88,-0.07
vn,-0.23,0.96,0.15
vn,-0.23,0.96,0.08
vn,-0.19,0.82,0.52
vn,-0.21,0.88,0.40
vn,-0.21,0.88,-0.41
vn,-0.19,0.82,-0.52
vn,-0.23,0.96,-0.15
vn,-0.23,0.96,-0.08
vn,-0.11,0.99,0.08
vn,-0.10,0.98,0.15
vn,-0.09,0.84,0.51
vn,-0.10,0.90,0.40
vn,-0.10,0.90,-0.41
vn,-0.09,0.84,-0.52
vn,-0.10,0.98,-0.15
vn,-0.11,0.99,-0.08
vn,0.00,0.00,-1.00
vn,0.00,-0.00,-1.00
vn,0.00,-0.00,-1.00
vn,0.00,-0.00,-1.00
vn,0.00,-0.00,-1.00
vn,0.00,-0.00,-1.00
vn,0.00,-0.00,-1.00
vn,0.00,-0.00,-1.00
vn,0.00,-0.00,-1.00
vn,0.00,-0.00,-1.00
vn,0.00,-0.00,-1.00
vn,0.00,-0.00,-1.00
vn,0.00,-0.00,-1.00
vn,0.00,-0.00,-1.00
vn,0.00,-0.00,-1.00
vn,0.00,-0.00,-1.00
vn,0.00,-0.00,-1.00
vn,0.01,-0.99,-0.00
vn,0.22,-0.97,0.03
vn,0.22,-0.97,-0.03
vn,0.01,-0.99,-0.00
vn,0.52,-0.84,-0.02
vn,0.52,-0.84,-0.02
vn,0.65,-0.75,-0.00
vn,0.63,-0.77,0.01
vn,0.50,-0.86,0.00
vn,0.33,-0.94,0.03
vn,0.33,-0.94,0.03
vn,0.13,-0.99,-0.00
vn,0.03,-0.99,0.00
vn,0.03,-0.99,0.00
vn,0.00,-1.00,-0.00
vn,0.00,-1.00,-0.00
vn,0.02,-0.99,0.00
f,46,2,45
f,4,45,2
f,5,2,46
f,46,47,5
f,5,47,7
f,48,7,47
f,4,2,9
f,10,9,2
f,11,10,2
f,2,5,11
f,11,5,7
f,7,12,11
f,10,13,9
f,14,9,13
f,11,15,10
f,13,10,15
f,15,11,12
f,12,16,15
f,17,14,13
f,13,18,17
f,13,15,18
f,19,18,15
f,16,20,15
f,19,15,20
f,18,21,17
f,22,17,21
f,19,23,18
f,21,18,23
f,23,19,20
f,20,24,23
f,25,22,21
f,21,26,25
f,26,21,23
f,23,27,26
f,27,23,24
f,24,28,27
f,29,25,26
f,26,30,29
f,30,26,27
f,27,31,30
f,28,32,27
f,31,27,32
f,31,33,30
f,33,31,32
f,34,30,33
f,29,30,34
f,32,35,33
f,34,36,29
f,37,36,34
f,34,38,37
f,38,34,33
f,33,39,38
f,35,40,33
f,39,33,40
f,38,41,37
f,42,37,41
f,39,43,38
f,41,38,43
f,39,40,43
f,44,43,40
f,41,45,42
f,46,42,45
f,43,47,41
f,45,41,47
f,47,43,44
f,44,48,47
f,45,47,87
f,47,48,87
f,87,86,45
f,88,87,48
f,86,87,82
f,83,82,87
f,82,83,78
f,79,78,83
f,78,79,75
f,75,74,78
f,74,75,70
f,71,70,75
f,70,71,67
f,67,66,70
f,66,67,63
f,63,63,66
f,63,63,64
f,65,64,63
f,64,65,66
f,66,67,64
f,67,66,68
f,68,69,67
f,68,46,69
f,68,70,46
f,70,68,66
f,47,46,70
f,45,69,46
f,48,47,70
f,70,71,48
f,71,70,66
f,66,72,71
f,73,67,69
f,74,64,67
f,67,73,74
f,64,74,63
f,65,75,66
f,72,66,75
f,75,65,63
f,63,76,75
f,76,63,67
f,67,77,76
f,77,67,78
f,71,78,67
f,78,71,75
f,75,79,78
f,79,75,80
f,79,80,75
f,79,83,80
f,84,80,83
f,84,83,87
f,87,88,84
f,82,63,74
f,63,82,83
f,83,66,63
f,83,84,66
f,70,66,84
f,74,70,84
f,84,85,74
f,74,85,86
f,86,78,74
f,78,86,82
f,87,82,86
f,82,87,86
f,88,86,87
f,86,88,45
f,46,45,88
f,96,98,134
f,133,134,98
f,134,135,96
f,94,96,135
f,135,136,94
f,96,94,136
f,96,136,97
f,137,97,136
f,137,138,97
f,112,97,138
f,138,139,112
f,114,112,139
f,114,139,140
f,140,116,114
f,118,116,140
f,140,141,118
f,118,141,120
f,142,120,141
f,1085,1084,121
f,143,121,1084
f,121,143,124
f,144,124,143
f,124,144,145
f,145,126,124
f,128,126,145
f,145,146,128
f,128,146,130
f,147,130,146
f,130,147,131
f,148,131,147
f,131,148,123
f,149,123,148
f,149,150,123
f,126,123,150
f,126,150,151
f,151,128,126
f,129,128,151
f,151,152,129
f,152,153,129
f,132,129,153
f,133,1086,154
f,1087,154,1086
f,154,133,133
f,98,133,133
f,1089,1088,178
f,155,178,1088
f,1089,178,1096
f,1097,1096,178
f,1097,1098,1096
f,1099,1096,1098
f,1100,1099,1098
f,1098,1101,1100
f,1100,1101,182
f,182,1102,1100
f,1104,1102,182
f,182,1105,1104
f,1104,1105,1106
f,1107,1106,1105
f,1107,1108,1106
f,1109,1106,1108
f,1109,1108,1110
f,1111,1110,1108
f,1111,1112,1110
f,1113,1110,1112
f,1091,1090,177
f,162,177,1090
f,1091,177,179
f,176,179,177
f,176,177,165
f,175,176,165
f,179,176,175
f,165,167,175
f,174,175,167
f,167,169,174
f,169,170,174
f,173,174,170
f,172,165,177
f,172,177,162
f,175,180,179
f,174,181,175
f,180,175,181
f,181,174,173
f,173,1103,181
f,183,1103,173
f,173,177,183
f,183,177,184
f,179,184,177
f,180,179,177
f,179,180,181
f,184,179,181
f,182,181,180
f,181,182,183
f,183,184,181
f,184,183,1094
f,1094,1095,184
f,177,187,180
f,181,188,184
f,184,189,181
f,188,181,189
f,189,184,1095
f,1095,190,189
f,187,177,173
f,173,170,187
f,162,191,192
f,192,193,162
f,1139,191,162
f,162,1090,1139
f,162,193,172
f,195,1093,1092
f,1092,198,195
f,198,199,195
f,200,195,199
f,199,201,200
f,202,200,201
f,199,1134,201
f,1134,199,198
f,204,201,1134
f,205,201,204
f,202,201,205
f,204,206,205
f,207,205,206
f,207,208,205
f,209,205,208
f,205,209,202
f,208,207,210
f,211,210,207
f,210,211,212
f,212,213,210
f,212,214,213
f,215,213,214
f,215,214,216
f,217,216,214
f,216,217,218
f,219,218,217
f,218,219,220
f,221,220,219
f,219,222,221
f,1114,221,222
f,219,217,224
f,224,222,219
f,224,217,214
f,214,225,224
f,212,226,214
f,225,214,226
f,226,212,211
f,211,227,226
f,227,211,207
f,207,228,227
f,206,228,207
f,1117,1116,1115
f,1115,1118,1117
f,1117,1118,1119
f,1120,1119,1118
f,1120,1121,1119
f,1122,1119,1121
f,1122,1121,1123
f,1124,1123,1121
f,1123,1124,1125
f,1125,1126,1123
f,1125,1127,1126
f,1128,1126,1127
f,1128,1127,1129
f,1130,1129,1127
f,1129,1130,1131
f,1132,1131,1130
f,1133,1131,1132
f,1132,248,1133
f,1133,248,1136
f,1136,1135,1133
f,1136,1137,1135
f,1138,1135,1137
f,198,253,1134
f,253,198,254
f,1092,254,198
f,1141,155,1140
f,1088,1140,155
f,1144,1143,1142
f,1145,1142,1143
f,1144,1142,1150
f,1151,1150,1142
f,1151,1216,1150
f,1217,1150,1216
f,1145,1143,1219
f,1219,1218,1145
f,1218,1219,1149
f,1146,1149,1219
f,1149,1146,1147
f,1148,1147,1146
f,1147,1148,1220
f,1221,1220,1148
f,1232,1217,1216
f,1216,1233,1232
f,1233,1155,1232
f,1153,1232,1155
f,1155,1152,1153
f,1154,1153,1152
f,1230,1154,1152
f,1152,1231,1230
f,1158,1157,1156
f,1159,1156,1157
f,1157,1229,1159
f,1228,1159,1229
f,1229,1160,1228
f,1163,1228,1160
f,1163,1160,1161
f,1162,1161,1160
f,1167,1161,1162
f,1162,1166,1167
f,1164,1167,1166
f,1166,1165,1164
f,1165,1169,1164
f,1170,1164,1169
f,1170,1169,1168
f,1171,1168,1169
f,1171,1226,1168
f,1227,1168,1226
f,1227,1226,1222
f,1224,1222,1226
f,1224,1223,1222
f,1225,1222,1223
f,1173,306,1172
f,1174,306,1173
f,1175,306,1174
f,1176,306,1175
f,1177,306,1176
f,1178,306,1177
f,1179,306,1178
f,1180,306,1179
f,1181,306,1180
f,1182,306,1181
f,1183,306,1182
f,1184,306,1183
f,1185,306,1184
f,1186,306,1185
f,1187,306,1186
f,1188,306,1187
f,1189,306,1188
f,1190,306,1189
f,1191,306,1190
f,1192,306,1191
f,1193,306,1192
f,1172,306,1193
f,1195,329,1194
f,1196,329,1195
f,1197,329,1196
f,1198,329,1197
f,1199,329,1198
f,1200,329,1199
f,1201,329,1200
f,1202,329,1201
f,1203,329,1202
f,1204,329,1203
f,1205,329,1204
f,1206,329,1205
f,1207,329,1206
f,1208,329,1207
f,1209,329,1208
f,1210,329,1209
f,1211,329,1210
f,1212,329,1211
f,1213,329,1212
f,1214,329,1213
f,1215,329,1214
f,1194,329,1215
f,351,352,353
f,354,353,352
f,353,355,351
f,356,351,355
f,1234,358,359
f,1242,358,1234
f,1243,358,1242
f,1236,363,1235
f,1241,363,1236
f,366,363,1241
f,1241,1251,366
f,366,1251,1247
f,366,1247,1246
f,1238,371,1237
f,1238,1237,1239
f,1240,1239,1237
f,371,1238,1250
f,1249,1250,1238
f,1250,1249,1248
f,1249,1252,1248
f,1253,1248,1252
f,380,381,382
f,383,382,381
f,382,383,384
f,385,384,383
f,386,1244,388
f,386,1254,1244
f,386,1255,1254
f,1245,392,393
f,394,393,392
f,1257,396,1256
f,398,1256,396
f,399,400,401
f,402,401,400
f,401,402,403
f,404,403,402
f,1259,1258,407
f,1259,1268,1258
f,1259,1269,1268
f,410,1261,1260
f,410,1267,1261
f,1267,410,414
f,414,1277,1267
f,1277,414,1273
f,1273,414,1272
f,1264,1263,1262
f,1263,1265,1262
f,1266,1262,1265
f,1264,1275,1263
f,1276,1263,1275
f,1276,1275,1274
f,1276,1274,1278
f,1279,1278,1274
f,428,429,430
f,431,430,429
f,430,432,428
f,433,428,432
f,1270,435,436
f,1280,435,1270
f,1281,435,1280
f,439,1271,441
f,442,441,1271
f,1284,1283,1282
f,1285,1282,1283
f,1288,1287,1286
f,1289,1286,1287
f,1292,1291,1290
f,1293,1290,1291
f,1296,1295,1294
f,1297,1294,1295
f,1300,1299,1298
f,1301,1298,1299
f,463,464,465
f,466,465,464
f,467,468,469
f,470,469,468
f,471,1302,473
f,1303,473,1302
f,475,1304,477
f,1305,477,1304
f,479,480,1306
f,1307,1306,480
f,483,484,1308
f,1309,1308,484
f,1311,1310,489
f,490,489,1310
f,1313,1312,493
f,494,493,1312
f,1316,1315,1314
f,1317,1314,1315
f,1319,500,1318
f,502,1318,500
f,1321,504,1320
f,506,1320,504
f,1324,1323,1322
f,1325,1322,1323
f,1328,1327,1326
f,1326,1327,1329
f,1327,515,1329
f,1329,515,1344
f,1342,1329,1344
f,1343,1329,1342
f,1345,515,1327
f,1345,1344,515
f,1347,1345,1327
f,1347,1346,1345
f,1348,1344,1345
f,1349,1344,1348
f,1332,1331,1330
f,1331,1333,1330
f,1330,1333,528
f,1330,528,1334
f,1335,1330,1334
f,1336,1335,1334
f,1339,528,1333
f,1339,1334,528
f,1337,1339,1333
f,1338,1337,1333
f,1340,1334,1339
f,1341,1340,1339
f,537,538,539
f,540,539,538
f,541,538,537
f,537,542,541
f,543,542,537
f,537,544,543
f,542,543,545
f,541,542,545
f,546,545,543
f,545,547,541
f,545,546,548
f,549,548,546
f,548,550,545
f,547,545,550
f,538,551,540
f,552,540,551
f,538,541,553
f,553,551,538
f,553,554,551
f,555,551,554
f,551,555,552
f,554,556,555
f,557,555,556
f,557,556,558
f,558,559,557
f,560,557,559
f,557,560,555
f,561,559,558
f,558,562,561
f,563,558,556
f,558,563,564
f,564,562,558
f,562,564,565
f,565,566,562
f,565,567,566
f,568,566,567
f,568,567,569
f,569,570,568
f,568,570,571
f,568,571,566
f,572,571,570
f,569,573,570
f,574,570,573
f,570,574,572
f,574,573,575
f,576,575,573
f,576,577,575
f,578,575,577
f,577,579,578
f,580,578,579
f,580,579,581
f,581,582,580
f,582,583,580
f,584,580,583
f,580,584,578
f,582,581,585
f,582,585,583
f,586,585,581
f,585,586,587
f,587,588,585
f,587,589,588
f,590,588,589
f,591,590,589
f,589,592,591
f,591,592,593
f,594,593,592
f,593,594,595
f,595,596,593
f,586,581,597
f,587,586,597
f,598,597,581
f,598,581,599
f,579,599,581
f,579,577,599
f,600,599,577
f,577,576,600
f,601,600,576
f,601,576,602
f,573,602,576
f,573,569,602
f,603,602,569
f,604,603,569
f,569,567,604
f,567,565,604
f,605,604,565
f,606,605,565
f,565,564,606
f,564,563,606
f,607,606,563
f,608,607,563
f,563,556,608
f,556,554,608
f,609,608,554
f,608,609,610
f,611,610,609
f,610,612,608
f,607,608,612
f,606,607,612
f,612,613,606
f,613,614,606
f,605,606,614
f,614,615,605
f,604,605,615
f,615,616,604
f,603,604,616
f,616,617,603
f,602,603,617
f,602,617,618
f,618,601,602
f,618,619,601
f,600,601,619
f,619,620,600
f,599,600,620
f,599,620,598
f,621,598,620
f,621,622,598
f,597,598,622
f,622,623,597
f,624,597,623
f,597,624,587
f,624,625,587
f,589,587,625
f,625,626,589
f,592,589,626
f,626,627,592
f,594,592,627
f,627,628,594
f,595,594,628
f,625,624,629
f,623,629,624
f,629,630,625
f,626,625,630
f,630,631,626
f,627,626,631
f,631,632,627
f,628,627,632
f,595,628,1392
f,1393,1392,628
f,1393,628,632
f,1392,1397,595
f,596,595,1397
f,636,596,1397
f,636,637,596
f,593,596,637
f,593,637,591
f,638,591,637
f,638,637,639
f,638,639,640
f,640,641,638
f,638,641,591
f,641,640,642
f,642,588,641
f,588,642,585
f,643,585,642
f,590,641,588
f,590,591,641
f,642,644,643
f,644,642,640
f,645,643,644
f,643,645,646
f,646,583,643
f,643,583,585
f,584,583,646
f,646,647,584
f,584,647,648
f,648,578,584
f,648,649,578
f,575,578,649
f,575,649,574
f,650,574,649
f,650,572,574
f,572,650,651
f,650,649,651
f,651,652,572
f,572,652,653
f,653,571,572
f,571,653,654
f,654,566,571
f,566,654,562
f,561,562,654
f,654,655,561
f,655,654,653
f,656,561,655
f,561,656,657
f,657,559,561
f,657,658,559
f,560,559,658
f,560,658,659
f,659,555,560
f,659,552,555
f,660,659,658
f,659,660,552
f,658,661,660
f,662,660,661
f,661,658,663
f,657,663,658
f,663,657,664
f,656,664,657
f,664,656,655
f,655,665,664
f,665,655,666
f,653,666,655
f,666,653,667
f,652,667,653
f,667,652,651
f,651,668,667
f,651,669,668
f,669,651,649
f,669,649,670
f,648,670,649
f,670,648,647
f,671,668,669
f,670,672,669
f,671,669,672
f,672,670,673
f,647,673,670
f,674,673,647
f,647,646,674
f,674,646,645
f,645,675,674
f,675,645,676
f,644,676,645
f,676,644,677
f,640,677,644
f,677,640,639
f,639,678,677
f,678,639,679
f,680,679,639
f,680,639,637
f,680,637,681
f,636,681,637
f,679,680,682
f,681,682,680
f,679,683,678
f,684,678,683
f,678,684,677
f,684,683,685
f,686,684,685
f,677,686,676
f,686,677,684
f,685,687,686
f,687,685,688
f,688,689,687
f,689,688,690
f,691,690,688
f,692,690,691
f,690,692,693
f,690,693,689
f,694,693,692
f,695,693,694
f,695,696,693
f,697,693,696
f,697,689,693
f,689,697,687
f,694,698,695
f,698,699,695
f,700,695,699
f,701,700,699
f,699,702,701
f,701,702,703
f,704,703,702
f,704,705,703
f,706,703,705
f,706,705,707
f,708,707,705
f,708,709,707
f,710,707,709
f,708,711,709
f,711,708,705
f,712,709,711
f,709,712,713
f,713,714,709
f,709,714,710
f,714,713,715
f,715,716,714
f,715,717,716
f,718,716,717
f,719,718,717
f,717,720,719
f,720,721,719
f,722,719,721
f,722,721,723
f,724,723,721
f,725,714,716
f,725,710,714
f,725,716,726
f,726,727,725
f,721,728,724
f,728,721,720
f,729,724,728
f,720,730,728
f,730,720,731
f,717,731,720
f,731,717,715
f,715,732,731
f,732,715,713
f,728,1355,729
f,1356,729,1355
f,1355,728,1357
f,730,1357,728
f,1357,730,731
f,731,1358,1357
f,1358,731,1359
f,732,1359,731
f,713,1360,732
f,1359,732,1360
f,1361,1360,713
f,713,712,1361
f,1361,712,1362
f,711,1362,712
f,1362,711,1363
f,742,1363,711
f,705,742,711
f,742,705,743
f,704,743,705
f,743,704,744
f,702,744,704
f,702,699,744
f,745,744,699
f,745,699,746
f,698,746,699
f,746,698,694
f,694,747,746
f,747,694,748
f,692,748,694
f,748,692,749
f,750,749,692
f,691,750,692
f,691,751,750
f,752,750,751
f,753,752,751
f,751,754,753
f,751,755,754
f,756,754,755
f,749,750,757
f,752,757,750
f,757,752,758
f,753,758,752
f,748,1369,747
f,748,749,1369
f,1368,747,1369
f,747,1368,746
f,1367,746,1368
f,746,1367,745
f,1366,745,1367
f,745,1366,744
f,1365,744,1366
f,1365,1364,744
f,743,744,1364
f,743,1364,742
f,1363,742,1364
f,758,1372,757
f,1371,757,1372
f,1372,758,1386
f,1386,758,1385
f,753,1385,758
f,1386,1394,1372
f,1385,753,1395
f,754,1395,753
f,754,756,1395
f,1387,1395,756
f,756,772,1387
f,756,755,772
f,773,772,755
f,773,755,685
f,688,685,755
f,755,751,688
f,691,688,751
f,773,685,683
f,683,774,773
f,772,773,774
f,683,679,774
f,682,774,679
f,1388,1387,772
f,1388,772,774
f,774,1396,1388
f,774,682,1396
f,1390,1396,682
f,1390,682,1389
f,681,1389,682
f,1389,681,1391
f,636,1391,681
f,1397,1391,636
f,780,781,782
f,782,783,780
f,780,783,784
f,785,780,784
f,780,785,786
f,787,780,786
f,780,787,788
f,789,780,788
f,789,790,780
f,790,791,780
f,791,792,780
f,793,780,792
f,793,781,780
f,1351,795,1350
f,1382,1350,795
f,1383,795,1351
f,1383,1378,795
f,795,1378,1375
f,1376,795,1375
f,1376,1379,795
f,1379,1380,795
f,1384,1382,795
f,795,1373,1384
f,795,806,1373
f,1381,806,795
f,1380,1381,795
f,541,547,808
f,808,553,541
f,808,609,553
f,554,553,609
f,809,808,547
f,547,550,809
f,809,611,808
f,609,808,611
f,810,811,812
f,813,812,811
f,810,812,814
f,814,815,810
f,810,815,816
f,816,817,810
f,815,818,816
f,818,815,814
f,819,816,818
f,814,820,818
f,819,818,1353
f,1353,1352,819
f,1353,818,1354
f,820,1354,818
f,813,824,812
f,825,812,824
f,825,824,723
f,826,723,824
f,825,723,724
f,724,827,825
f,825,827,812
f,814,812,827
f,814,827,828
f,828,820,814
f,724,729,827
f,828,827,729
f,828,1374,820
f,1354,820,1374
f,729,1356,828
f,1374,828,1356
f,722,723,826
f,826,830,722
f,722,830,831
f,831,719,722
f,719,831,832
f,832,718,719
f,718,832,716
f,726,716,832
f,830,833,831
f,830,826,833
f,834,833,826
f,835,831,833
f,832,831,835
f,835,836,832
f,836,837,832
f,726,832,837
f,837,838,726
f,727,726,838
f,839,727,838
f,838,840,839
f,839,840,841
f,841,842,839
f,843,842,841
f,842,843,707
f,706,707,843
f,706,843,703
f,844,703,843
f,703,844,701
f,845,701,844
f,701,845,700
f,846,700,845
f,700,846,695
f,696,695,846
f,841,847,843
f,847,848,843
f,844,843,848
f,844,848,849
f,849,845,844
f,845,849,850
f,850,846,845
f,696,846,850
f,850,851,696
f,851,852,696
f,697,696,852
f,852,687,697
f,848,847,853
f,854,853,847
f,855,854,847
f,847,841,855
f,856,855,841
f,841,840,856
f,840,838,856
f,857,856,838
f,838,837,857
f,858,857,837
f,858,665,857
f,665,858,664
f,859,664,858
f,859,858,837
f,664,859,663
f,860,663,859
f,663,860,661
f,861,661,860
f,661,861,662
f,862,662,861
f,666,857,665
f,857,666,856
f,662,862,863
f,863,864,662
f,863,865,864
f,866,864,865
f,866,865,867
f,867,539,866
f,539,867,868
f,537,539,868
f,868,544,537
f,869,868,867
f,540,866,539
f,867,870,869
f,870,867,865
f,871,869,870
f,865,872,870
f,865,863,872
f,873,870,872
f,870,873,871
f,540,552,866
f,864,866,552
f,864,552,660
f,660,662,864
f,873,872,874
f,874,875,873
f,875,874,1377
f,811,1377,874
f,811,810,1377
f,817,1377,810
f,874,877,811
f,877,874,872
f,813,811,877
f,878,873,875
f,878,871,873
f,813,877,824
f,879,824,877
f,877,872,879
f,879,834,824
f,826,824,834
f,834,879,862
f,862,861,834
f,833,834,861
f,861,860,833
f,835,833,860
f,860,859,835
f,836,835,859
f,837,836,859
f,880,862,879
f,880,863,862
f,880,872,863
f,880,879,872
f,1370,1369,749
f,1370,749,1371
f,757,1371,749
f,882,673,883
f,674,883,673
f,849,882,883
f,849,848,882
f,853,882,848
f,883,850,849
f,851,850,883
f,883,884,851
f,883,674,884
f,884,885,851
f,852,851,885
f,885,686,852
f,687,852,686
f,673,882,672
f,853,672,882
f,672,853,671
f,854,671,853
f,671,854,668
f,855,668,854
f,855,856,668
f,667,668,856
f,667,856,666
f,884,675,885
f,676,885,675
f,885,676,686
f,675,884,674
f,707,710,842
f,839,842,710
f,839,710,727
f,725,727,710
f,632,1398,1393
f,887,888,889
f,890,887,889
f,891,890,889
f,892,891,889
f,893,892,889
f,894,893,889
f,889,1419,894
f,1420,894,1419
f,1420,1419,1423
f,1424,1423,1419
f,1423,1424,1427
f,1428,1427,1424
f,1427,1428,1431
f,1432,1431,1428
f,1431,1432,1435
f,1436,1435,1432
f,1435,1436,1439
f,1440,1439,1436
f,1439,1440,1443
f,1444,1443,1440
f,1400,910,1399
f,912,1399,910
f,910,913,912
f,914,912,913
f,913,915,914
f,916,914,915
f,915,917,916
f,918,916,917
f,917,919,918
f,920,918,919
f,919,921,920
f,922,920,921
f,921,923,922
f,924,922,923
f,910,1400,925
f,1403,925,1400
f,915,913,927
f,928,927,913
f,925,928,910
f,913,910,928
f,927,929,915
f,917,915,929
f,929,930,917
f,919,917,930
f,930,931,919
f,921,919,931
f,931,932,921
f,923,921,932
f,925,1403,933
f,1405,933,1403
f,933,935,925
f,928,925,935
f,935,936,928
f,927,928,936
f,936,937,927
f,929,927,937
f,937,938,929
f,930,929,938
f,938,939,930
f,931,930,939
f,939,940,931
f,932,931,940
f,933,1405,941
f,1407,941,1405
f,941,943,933
f,935,933,943
f,943,944,935
f,936,935,944
f,944,945,936
f,937,936,945
f,945,946,937
f,938,937,946
f,946,947,938
f,939,938,947
f,947,948,939
f,940,939,948
f,941,1407,949
f,1409,949,1407
f,949,951,941
f,943,941,951
f,951,952,943
f,944,943,952
f,952,953,944
f,945,944,953
f,953,954,945
f,946,945,954
f,954,955,946
f,947,946,955
f,955,956,947
f,948,947,956
f,949,1409,957
f,1411,957,1409
f,957,959,949
f,951,949,959
f,959,960,951
f,952,951,960
f,953,952,960
f,960,961,953
f,961,962,953
f,954,953,962
f,962,963,954
f,955,954,963
f,963,964,955
f,956,955,964
f,957,1411,965
f,966,965,1411
f,959,957,967
f,965,967,957
f,960,959,968
f,967,968,959
f,961,960,968
f,968,969,961
f,962,961,970
f,969,970,961
f,963,962,971
f,970,971,962
f,964,963,972
f,971,972,963
f,965,966,973
f,974,973,966
f,973,975,965
f,967,965,975
f,975,976,967
f,968,967,976
f,976,977,968
f,969,968,977
f,977,978,969
f,970,969,978
f,978,979,970
f,971,970,979
f,979,980,971
f,972,971,980
f,973,974,981
f,982,981,974
f,981,983,973
f,975,973,983
f,983,984,975
f,976,975,984
f,977,976,984
f,984,985,977
f,985,986,977
f,978,977,986
f,986,987,978
f,979,978,987
f,987,988,979
f,980,979,988
f,981,982,989
f,983,981,989
f,990,989,982
f,989,991,983
f,984,983,991
f,991,992,984
f,985,984,992
f,992,993,985
f,993,994,985
f,986,985,994
f,994,995,986
f,987,986,995
f,995,996,987
f,988,987,996
f,989,990,997
f,998,997,990
f,997,999,989
f,991,989,999
f,999,1000,991
f,992,991,1000
f,993,992,1000
f,1000,1001,993
f,1001,1002,993
f,994,993,1002
f,1002,1003,994
f,995,994,1003
f,1003,1004,995
f,996,995,1004
f,997,998,1005
f,999,997,1005
f,1006,1005,998
f,1005,1007,999
f,1007,1008,999
f,1000,999,1008
f,1001,1000,1008
f,1008,1009,1001
f,1009,1010,1001
f,1002,1001,1010
f,1010,1011,1002
f,1003,1002,1011
f,1011,1012,1003
f,1004,1003,1012
f,1005,1006,1013
f,1013,1014,1005
f,1014,1015,1005
f,1007,1005,1015
f,1015,1016,1007
f,1008,1007,1016
f,1009,1008,1016
f,1016,1017,1009
f,1017,1018,1009
f,1010,1009,1018
f,1018,1019,1010
f,1011,1010,1019
f,1019,1020,1011
f,1012,1011,1020
f,1402,1022,1401
f,1404,1022,1402
f,1406,1022,1404
f,1408,1022,1406
f,1410,1022,1408
f,1412,1022,1410
f,1412,1417,1022
f,1418,1022,1417
f,1418,1417,1421
f,1422,1421,1417
f,1421,1422,1425
f,1426,1425,1422
f,1425,1426,1429
f,1430,1429,1426
f,1429,1430,1433
f,1434,1433,1430
f,1433,1434,1437
f,1438,1437,1434
f,1437,1438,1441
f,1442,1441,1438
f,1415,1414,1413
f,1413,1416,1415
f,1413,1414,1047
f,1048,1047,1414
f,1047,1048,1049
f,1050,1049,1048
f,1049,1050,1051
f,1052,1051,1050
f,1051,1052,1053
f,1053,1054,1051
f,1054,1053,1055
f,1056,1055,1053
f,1055,1056,1057
f,1058,1057,1056
f,1057,1058,1059
f,1060,1059,1058
f,1416,1445,1415
f,1446,1415,1445
f,1448,1414,1415
f,1449,1414,1448
f,1447,1416,1413
f,1450,1447,1413
f,1067,1068,1069
f,1070,1067,1069
f,1071,1070,1069
f,1072,1071,1069
f,1073,1072,1069
f,1074,1073,1069
f,1069,1471,1074
f,1472,1074,1471
f,1472,1471,1475
f,1476,1475,1471
f,1475,1476,1479
f,1480,1479,1476
f,1479,1480,1483
f,1484,1483,1480
f,1483,1484,1487
f,1488,1487,1484
f,1487,1488,1491
f,1492,1491,1488
f,1491,1492,1495
f,1496,1495,1492
f,1452,1090,1451
f,1092,1451,1090
f,1090,1093,1092
f,1094,1092,1093
f,1093,1095,1094
f,1096,1094,1095
f,1095,1097,1096
f,1098,1096,1097
f,1097,1099,1098
f,1100,1098,1099
f,1099,1101,1100
f,1102,1100,1101
f,1101,1103,1102
f,1104,1102,1103
f,1090,1452,1105
f,1455,1105,1452
f,1095,1093,1107
f,1108,1107,1093
f,1105,1108,1090
f,1093,1090,1108
f,1107,1109,1095
f,1097,1095,1109
f,1109,1110,1097
f,1099,1097,1110
f,1110,1111,1099
f,1101,1099,1111
f,1111,1112,1101
f,1103,1101,1112
f,1105,1455,1113
f,1457,1113,1455
f,1113,1115,1105
f,1108,1105,1115
f,1115,1116,1108
f,1107,1108,1116
f,1116,1117,1107
f,1109,1107,1117
f,1117,1118,1109
f,1110,1109,1118
f,1118,1119,1110
f,1111,1110,1119
f,1119,1120,1111
f,1112,1111,1120
f,1113,1457,1121
f,1459,1121,1457
f,1121,1123,1113
f,1115,1113,1123
f,1123,1124,1115
f,1116,1115,1124
f,1124,1125,1116
f,1117,1116,1125
f,1125,1126,1117
f,1118,1117,1126
f,1126,1127,1118
f,1119,1118,1127
f,1127,1128,1119
f,1120,1119,1128
f,1121,1459,1129
f,1461,1129,1459
f,1129,1131,1121
f,1123,1121,1131
f,1131,1132,1123
f,1124,1123,1132
f,1132,1133,1124
f,1125,1124,1133
f,1133,1134,1125
f,1126,1125,1134
f,1134,1135,1126
f,1127,1126,1135
f,1135,1136,1127
f,1128,1127,1136
f,1129,1461,1137
f,1463,1137,1461
f,1137,1139,1129
f,1131,1129,1139
f,1139,1140,1131
f,1132,1131,1140
f,1133,1132,1140
f,1140,1141,1133
f,1141,1142,1133
f,1134,1133,1142
f,1142,1143,1134
f,1135,1134,1143
f,1143,1144,1135
f,1136,1135,1144
f,1137,1463,1145
f,1146,1145,1463
f,1139,1137,1147
f,1145,1147,1137
f,1140,1139,1148
f,1147,1148,1139
f,1141,1140,1148
f,1148,1149,1141
f,1142,1141,1150
f,1149,1150,1141
f,1143,1142,1151
f,1150,1151,1142
f,1144,1143,1152
f,1151,1152,1143
f,1145,1146,1153
f,1154,1153,1146
f,1153,1155,1145
f,1147,1145,1155
f,1155,1156,1147
f,1148,1147,1156
f,1156,1157,1148
f,1149,1148,1157
f,1157,1158,1149
f,1150,1149,1158
f,1158,1159,1150
f,1151,1150,1159
f,1159,1160,1151
f,1152,1151,1160
f,1153,1154,1161
f,1162,1161,1154
f,1161,1163,1153
f,1155,1153,1163
f,1163,1164,1155
f,1156,1155,1164
f,1157,1156,1164
f,1164,1165,1157
f,1165,1166,1157
f,1158,1157,1166
f,1166,1167,1158
f,1159,1158,1167
f,1167,1168,1159
f,1160,1159,1168
f,1161,1162,1169
f,1163,1161,1169
f,1170,1169,1162
f,1169,1171,1163
f,1164,1163,1171
f,1171,1172,1164
f,1165,1164,1172
f,1172,1173,1165
f,1173,1174,1165
f,1166,1165,1174
f,1174,1175,1166
f,1167,1166,1175
f,1175,1176,1167
f,1168,1167,1176
f,1169,1170,1177
f,1178,1177,1170
f,1177,1179,1169
f,1171,1169,1179
f,1179,1180,1171
f,1172,1171,1180
f,1173,1172,1180
f,1180,1181,1173
f,1181,1182,1173
f,1174,1173,1182
f,1182,1183,1174
f,1175,1174,1183
f,1183,1184,1175
f,1176,1175,1184
f,1177,1178,1185
f,1179,1177,1185
f,1186,1185,1178
f,1185,1187,1179
f,1187,1188,1179
f,1180,1179,1188
f,1181,1180,1188
f,1188,1189,1181
f,1189,1190,1181
f,1182,1181,1190
f,1190,1191,1182
f,1183,1182,1191
f,1191,1192,1183
f,1184,1183,1192
f,1185,1186,1193
f,1193,1194,1185
f,1194,1195,1185
f,1187,1185,1195
f,1195,1196,1187
f,1188,1187,1196
f,1189,1188,1196
f,1196,1197,1189
f,1197,1198,1189
f,1190,1189,1198
f,1198,1199,1190
f,1191,1190,1199
f,1199,1200,1191
f,1192,1191,1200
f,1454,1202,1453
f,1456,1202,1454
f,1458,1202,1456
f,1460,1202,1458
f,1462,1202,1460
f,1464,1202,1462
f,1464,1469,1202
f,1470,1202,1469
f,1470,1469,1473
f,1474,1473,1469
f,1473,1474,1477
f,1478,1477,1474
f,1477,1478,1481
f,1482,1481,1478
f,1481,1482,1485
f,1486,1485,1482
f,1485,1486,1489
f,1490,1489,1486
f,1489,1490,1493
f,1494,1493,1490
f,1467,1466,1465
f,1465,1468,1467
f,1465,1466,1227
f,1228,1227,1466
f,1227,1228,1229
f,1230,1229,1228
f,1229,1230,1231
f,1232,1231,1230
f,1231,1232,1233
f,1233,1234,1231
f,1234,1233,1235
f,1236,1235,1233
f,1235,1236,1237
f,1238,1237,1236
f,1237,1238,1239
f,1240,1239,1238
f,1468,1497,1467
f,1498,1467,1497
f,1500,1466,1467
f,1501,1466,1500
f,1499,1468,1465
f,1502,1499,1465
f,1247,1248,1249
f,1250,1247,1249
f,1251,1250,1249
f,1252,1251,1249
f,1253,1252,1249
f,1254,1253,1249
f,1249,1523,1254
f,1524,1254,1523
f,1524,1523,1527
f,1528,1527,1523
f,1527,1528,1531
f,1532,1531,1528
f,1531,1532,1535
f,1536,1535,1532
f,1535,1536,1539
f,1540,1539,1536
f,1539,1540,1543
f,1544,1543,1540
f,1543,1544,1547
f,1548,1547,1544
f,1504,1270,1503
f,1272,1503,1270
f,1270,1273,1272
f,1274,1272,1273
f,1273,1275,1274
f,1276,1274,1275
f,1275,1277,1276
f,1278,1276,1277
f,1277,1279,1278
f,1280,1278,1279
f,1279,1281,1280
f,1282,1280,1281
f,1281,1283,1282
f,1284,1282,1283
f,1270,1504,1285
f,1507,1285,1504
f,1275,1273,1287
f,1288,1287,1273
f,1285,1288,1270
f,1273,1270,1288
f,1287,1289,1275
f,1277,1275,1289
f,1289,1290,1277
f,1279,1277,1290
f,1290,1291,1279
f,1281,1279,1291
f,1291,1292,1281
f,1283,1281,1292
f,1285,1507,1293
f,1509,1293,1507
f,1293,1295,1285
f,1288,1285,1295
f,1295,1296,1288
f,1287,1288,1296
f,1289,1287,1296
f,1296,1297,1289
f,1297,1298,1289
f,1290,1289,1298
f,1298,1299,1290
f,1291,1290,1299
f,1299,1300,1291
f,1292,1291,1300
f,1293,1509,1301
f,1511,1301,1509
f,1301,1303,1293
f,1295,1293,1303
f,1303,1304,1295
f,1296,1295,1304
f,1304,1305,1296
f,1297,1296,1305
f,1305,1306,1297
f,1298,1297,1306
f,1306,1307,1298
f,1299,1298,1307
f,1307,1308,1299
f,1300,1299,1308
f,1301,1511,1309
f,1513,1309,1511
f,1309,1311,1301
f,1303,1301,1311
f,1311,1312,1303
f,1304,1303,1312
f,1312,1313,1304
f,1305,1304,1313
f,1313,1314,1305
f,1306,1305,1314
f,1314,1315,1306
f,1307,1306,1315
f,1315,1316,1307
f,1308,1307,1316
f,1309,1513,1317
f,1515,1317,1513
f,1317,1319,1309
f,1311,1309,1319
f,1319,1320,1311
f,1312,1311,1320
f,1313,1312,1320
f,1320,1321,1313
f,1321,1322,1313
f,1314,1313,1322
f,1322,1323,1314
f,1315,1314,1323
f,1323,1324,1315
f,1316,1315,1324
f,1317,1515,1325
f,1326,1325,1515
f,1319,1317,1327
f,1325,1327,1317
f,1320,1319,1328
f,1327,1328,1319
f,1321,1320,1328
f,1328,1329,1321
f,1322,1321,1330
f,1329,1330,1321
f,1323,1322,1331
f,1330,1331,1322
f,1324,1323,1332
f,1331,1332,1323
f,1325,1326,1333
f,1334,1333,1326
f,1333,1335,1325
f,1327,1325,1335
f,1335,1336,1327
f,1328,1327,1336
f,1336,1337,1328
f,1329,1328,1337
f,1337,1338,1329
f,1330,1329,1338
f,1338,1339,1330
f,1331,1330,1339
f,1339,1340,1331
f,1332,1331,1340
f,1333,1334,1341
f,1342,1341,1334
f,1341,1343,1333
f,1335,1333,1343
f,1343,1344,1335
f,1336,1335,1344
f,1337,1336,1344
f,1344,1345,1337
f,1345,1346,1337
f,1338,1337,1346
f,1346,1347,1338
f,1339,1338,1347
f,1347,1348,1339
f,1340,1339,1348
f,1341,1342,1349
f,1343,1341,1349
f,1350,1349,1342
f,1349,1351,1343
f,1344,1343,1351
f,1351,1352,1344
f,1345,1344,1352
f,1352,1353,1345
f,1353,1354,1345
f,1346,1345,1354
f,1354,1355,1346
f,1347,1346,1355
f,1355,1356,1347
f,1348,1347,1356
f,1349,1350,1357
f,1358,1357,1350
f,1357,1359,1349
f,1351,1349,1359
f,1359,1360,1351
f,1352,1351,1360
f,1353,1352,1360
f,1360,1361,1353
f,1361,1362,1353
f,1354,1353,1362
f,1362,1363,1354
f,1355,1354,1363
f,1363,1364,1355
f,1356,1355,1364
f,1357,1358,1365
f,1359,1357,1365
f,1366,1365,1358
f,1365,1367,1359
f,1367,1368,1359
f,1360,1359,1368
f,1361,1360,1368
f,1368,1369,1361
f,1369,1370,1361
f,1362,1361,1370
f,1370,1371,1362
f,1363,1362,1371
f,1371,1372,1363
f,1364,1363,1372
f,1365,1366,1373
f,1373,1374,1365
f,1374,1375,1365
f,1367,1365,1375
f,1375,1376,1367
f,1368,1367,1376
f,1369,1368,1376
f,1376,1377,1369
f,1377,1378,1369
f,1370,1369,1378
f,1378,1379,1370
f,1371,1370,1379
f,1379,1380,1371
f,1372,1371,1380
f,1506,1382,1505
f,1508,1382,1506
f,1510,1382,1508
f,1512,1382,1510
f,1514,1382,1512
f,1516,1382,1514
f,1516,1521,1382
f,1522,1382,1521
f,1522,1521,1525
f,1526,1525,1521
f,1525,1526,1529
f,1530,1529,1526
f,1529,1530,1533
f,1534,1533,1530
f,1533,1534,1537
f,1538,1537,1534
f,1537,1538,1541
f,1542,1541,1538
f,1541,1542,1545
f,1546,1545,1542
f,1519,1518,1517
f,1517,1520,1519
f,1517,1518,1407
f,1408,1407,1518
f,1407,1408,1409
f,1410,1409,1408
f,1409,1410,1411
f,1412,1411,1410
f,1411,1412,1413
f,1413,1414,1411
f,1414,1413,1415
f,1416,1415,1413
f,1415,1416,1417
f,1418,1417,1416
f,1417,1418,1419
f,1420,1419,1418
f,1520,1549,1519
f,1550,1519,1549
f,1552,1518,1519
f,1553,1518,1552
f,1551,1520,1517
f,1554,1551,1517
f,1427,1428,1429
f,1430,1427,1429
f,1431,1430,1429
f,1432,1431,1429
f,1433,1432,1429
f,1434,1433,1429
f,1429,1575,1434
f,1576,1434,1575
f,1576,1575,1579
f,1580,1579,1575
f,1579,1580,1583
f,1584,1583,1580
f,1583,1584,1587
f,1588,1587,1584
f,1587,1588,1591
f,1592,1591,1588
f,1591,1592,1595
f,1596,1595,1592
f,1595,1596,1599
f,1600,1599,1596
f,1556,1450,1555
f,1452,1555,1450
f,1450,1453,1452
f,1454,1452,1453
f,1453,1455,1454
f,1456,1454,1455
f,1455,1457,1456
f,1458,1456,1457
f,1457,1459,1458
f,1460,1458,1459
f,1459,1461,1460
f,1462,1460,1461
f,1461,1463,1462
f,1464,1462,1463
f,1450,1556,1465
f,1559,1465,1556
f,1455,1453,1467
f,1468,1467,1453
f,1465,1468,1450
f,1453,1450,1468
f,1467,1469,1455
f,1457,1455,1469
f,1469,1470,1457
f,1459,1457,1470
f,1470,1471,1459
f,1461,1459,1471
f,1471,1472,1461
f,1463,1461,1472
f,1465,1559,1473
f,1561,1473,1559
f,1473,1475,1465
f,1468,1465,1475
f,1475,1476,1468
f,1467,1468,1476
f,1476,1477,1467
f,1469,1467,1477
f,1477,1478,1469
f,1470,1469,1478
f,1478,1479,1470
f,1471,1470,1479
f,1479,1480,1471
f,1472,1471,1480
f,1473,1561,1481
f,1563,1481,1561
f,1481,1483,1473
f,1475,1473,1483
f,1483,1484,1475
f,1476,1475,1484
f,1484,1485,1476
f,1477,1476,1485
f,1485,1486,1477
f,1478,1477,1486
f,1486,1487,1478
f,1479,1478,1487
f,1487,1488,1479
f,1480,1479,1488
f,1481,1563,1489
f,1565,1489,1563
f,1489,1491,1481
f,1483,1481,1491
f,1491,1492,1483
f,1484,1483,1492
f,1492,1493,1484
f,1485,1484,1493
f,1493,1494,1485
f,1486,1485,1494
f,1494,1495,1486
f,1487,1486,1495
f,1495,1496,1487
f,1488,1487,1496
f,1489,1565,1497
f,1567,1497,1565
f,1497,1499,1489
f,1491,1489,1499
f,1499,1500,1491
f,1492,1491,1500
f,1493,1492,1500
f,1500,1501,1493
f,1501,1502,1493
f,1494,1493,1502
f,1502,1503,1494
f,1495,1494,1503
f,1503,1504,1495
f,1496,1495,1504
f,1497,1567,1505
f,1506,1505,1567
f,1499,1497,1507
f,1505,1507,1497
f,1500,1499,1508
f,1507,1508,1499
f,1501,1500,1508
f,1508,1509,1501
f,1502,1501,1510
f,1509,1510,1501
f,1503,1502,1511
f,1510,1511,1502
f,1504,1503,1512
f,1511,1512,1503
f,1505,1506,1513
f,1514,1513,1506
f,1513,1515,1505
f,1507,1505,1515
f,1515,1516,1507
f,1508,1507,1516
f,1516,1517,1508
f,1509,1508,1517
f,1517,1518,1509
f,1510,1509,1518
f,1518,1519,1510
f,1511,1510,1519
f,1519,1520,1511
f,1512,1511,1520
f,1513,1514,1521
f,1522,1521,1514
f,1521,1523,1513
f,1515,1513,1523
f,1523,1524,1515
f,1516,1515,1524
f,1517,1516,1524
f,1524,1525,1517
f,1525,1526,1517
f,1518,1517,1526
f,1526,1527,1518
f,1519,1518,1527
f,1527,1528,1519
f,1520,1519,1528
f,1521,1522,1529
f,1523,1521,1529
f,1530,1529,1522
f,1529,1531,1523
f,1531,1532,1523
f,1524,1523,1532
f,1525,1524,1532
f,1532,1533,1525
f,1533,1534,1525
f,1526,1525,1534
f,1534,1535,1526
f,1527,1526,1535
f,1535,1536,1527
f,1528,1527,1536
f,1529,1530,1537
f,1538,1537,1530
f,1537,1539,1529
f,1531,1529,1539
f,1539,1540,1531
f,1532,1531,1540
f,1533,1532,1540
f,1540,1541,1533
f,1541,1542,1533
f,1534,1533,1542
f,1542,1543,1534
f,1535,1534,1543
f,1543,1544,1535
f,1536,1535,1544
f,1537,1538,1545
f,1539,1537,1545
f,1546,1545,1538
f,1545,1547,1539
f,1547,1548,1539
f,1540,1539,1548
f,1541,1540,1548
f,1548,1549,1541
f,1549,1550,1541
f,1542,1541,1550
f,1550,1551,1542
f,1543,1542,1551
f,1551,1552,1543
f,1544,1543,1552
f,1545,1546,1553
f,1553,1554,1545
f,1554,1555,1545
f,1547,1545,1555
f,1555,1556,1547
f,1548,1547,1556
f,1549,1548,1556
f,1556,1557,1549
f,1557,1558,1549
f,1550,1549,1558
f,1558,1559,1550
f,1551,1550,1559
f,1559,1560,1551
f,1552,1551,1560
f,1561,1562,1563
f,1564,1562,1561
f,1565,1562,1564
f,1566,1562,1565
f,1567,1562,1566
f,1568,1562,1567
f,1568,1573,1562
f,1574,1562,1573
f,1574,1573,1577
f,1578,1577,1573
f,1577,1578,1581
f,1582,1581,1578
f,1581,1582,1585
f,1586,1585,1582
f,1585,1586,1589
f,1590,1589,1586
f,1589,1590,1593
f,1594,1593,1590
f,1593,1594,1597
f,1598,1597,1594
f,1583,1584,1585
f,1585,1586,1583
f,1585,1584,1587
f,1588,1587,1584
f,1587,1588,1589
f,1590,1589,1588
f,1589,1590,1591
f,1592,1591,1590
f,1591,1592,1593
f,1593,1594,1591
f,1594,1593,1595
f,1596,1595,1593
f,1595,1596,1597
f,1598,1597,1596
f,1597,1598,1599
f,1600,1599,1598
f,1586,1601,1583
f,1602,1583,1601
f,1604,1584,1583
f,1605,1584,1604
f,1605,1586,1585
f,1606,1605,1585
